705-753,대구,남구,대명1동 동신점보아파트,,11686
705-754,대구,남구,대명1동 동아대덕아파트,,11687
705-755,대구,남구,대명1동 세종맨션,,11688
705-783,대구,남구,대명1동 정우아파트,(1∼7동),11689
705-808,대구,남구,대명1동,619,11690
705-808,대구,남구,대명1동,629,11691
705-809,대구,남구,대명1동,632∼633,11692
705-809,대구,남구,대명1동,636∼642,11693
705-809,대구,남구,대명1동,780∼807,11694
705-808,대구,남구,대명1동,1220∼1224,11695
705-809,대구,남구,대명1동,1649∼1668,11696
705-808,대구,남구,대명1동,1669∼1678,11697
705-840,대구,남구,대명1동,1714∼1720,11698
705-840,대구,남구,대명1동,1721-(1∼25),11699
705-840,대구,남구,대명1동,1722,11700
705-031,대구,남구,대명1동,,11701
705-756,대구,남구,대명2동 가든맨션,,11702
705-791,대구,남구,대명2동 남대구우체국,,11703
705-715,대구,남구,대명2동 대구교육대학교,,11704
705-791,대구,남구,대명2동 우체국보험대구회관,,11705
705-800,대구,남구,대명2동,1∼20,11706
705-800,대구,남구,대명2동,21-(1),11707
705-800,대구,남구,대명2동,21-(12),11708
705-800,대구,남구,대명2동,22∼34,11709
705-817,대구,남구,대명2동,1790∼1793,11710
705-818,대구,남구,대명2동,1794∼1796,11711
705-817,대구,남구,대명2동,1797∼1816,11712
705-818,대구,남구,대명2동,1817∼1818,11713
705-817,대구,남구,대명2동,1819∼1830,11714
705-818,대구,남구,대명2동,1831∼1871,11715
705-817,대구,남구,대명2동,1872∼1879,11716
705-818,대구,남구,대명2동,1880∼1889,11717
705-818,대구,남구,대명2동,1900∼1911,11718
705-818,대구,남구,대명2동,1924∼1926,11719
705-818,대구,남구,대명2동,1928∼1981,11720
705-800,대구,남구,대명2동,1982∼2012,11721
705-821,대구,남구,대명2동,2013,11722
705-800,대구,남구,대명2동,2014,11723
705-821,대구,남구,대명2동,2015∼2125,11724
705-032,대구,남구,대명2동,,11725
705-701,대구,남구,대명3동 계명대학교,,11726
705-714,대구,남구,대명3동 대구대학교,,11727
705-776,대구,남구,대명3동 아이씨티파크1관,,11728
705-777,대구,남구,대명3동 아이씨티파크2관,,11729
705-778,대구,남구,대명3동 아이씨티파크3관,,11730
705-779,대구,남구,대명3동 아이씨티파크4관,,11731
705-703,대구,남구,대명3동 영남이공대학,,11732
705-816,대구,남구,대명3동,1723∼1789,11733
705-819,대구,남구,대명3동,1890∼1895,11734
705-820,대구,남구,대명3동,1896∼1899,11735
705-816,대구,남구,대명3동,1912∼1923,11736
705-816,대구,남구,대명3동,1927,11737
705-816,대구,남구,대명3동,2126∼2199,11738
705-822,대구,남구,대명3동,2200∼2247,11739
705-823,대구,남구,대명3동,2248∼2250,11740
705-822,대구,남구,대명3동,2251∼2262,11741
705-823,대구,남구,대명3동,2263∼2294,11742
705-822,대구,남구,대명3동,2295∼2399,11743
705-823,대구,남구,대명3동,2400∼2679,11744
705-033,대구,남구,대명3동,,11745
705-757,대구,남구,대명4동 경북아파트,,11746
705-758,대구,남구,대명4동 금오아파트,,11747
705-718,대구,남구,대명4동 대구가톨릭의과대학,,11748
705-718,대구,남구,대명4동 대구가톨릭의과대학병원,,11749
705-759,대구,남구,대명4동 삼정비취1차아파트,,11750
705-759,대구,남구,대명4동 성명상가아파트,,11751
705-758,대구,남구,대명4동 흥아아파트,,11752
705-824,대구,남구,대명4동,2769∼3012,11753
705-825,대구,남구,대명4동,3013∼3019,11754
705-824,대구,남구,대명4동,3020∼3024,11755
705-825,대구,남구,대명4동,3025∼3031,11756
705-824,대구,남구,대명4동,3032∼3038,11757
705-825,대구,남구,대명4동,3039∼3056,11758
705-825,대구,남구,대명4동,산323∼329,11759
705-825,대구,남구,대명4동,산332∼358,11760
705-034,대구,남구,대명4동,,11761
705-705,대구,남구,대명5동 대구남부경찰서,,11762
705-706,대구,남구,대명5동 대구지방보훈청,,11763
705-788,대구,남구,대명5동 도로교통공단TBN대구교통방송,,11764
705-760,대구,남구,대명5동 백작맨션,,11765
705-761,대구,남구,대명5동 새한아파트,,11766
705-761,대구,남구,대명5동 세광아파트,,11767
705-717,대구,남구,대명5동 영남대학교의료원,,11768
705-801,대구,남구,대명5동,21-(8∼10),11769
705-801,대구,남구,대명5동,35∼164,11770
705-802,대구,남구,대명5동,165∼208,11771
705-801,대구,남구,대명5동,209∼288,11772
705-802,대구,남구,대명5동,289∼329,11773
705-801,대구,남구,대명5동,333∼335,11774
705-801,대구,남구,대명5동,359∼360,11775
705-802,대구,남구,대명5동,521,11776
705-802,대구,남구,대명5동,541∼542,11777
705-802,대구,남구,대명5동,1679∼1713,11778
705-035,대구,남구,대명5동,,11779
705-762,대구,남구,대명6동 뉴우방코스모스아파트,,11780
705-762,대구,남구,대명6동 우방코스모스아파트,(가∼마동),11781
705-806,대구,남구,대명6동,564∼584,11782
705-807,대구,남구,대명6동,585∼600,11783
705-806,대구,남구,대명6동,601∼614,11784
705-806,대구,남구,대명6동,937∼959,11785
705-811,대구,남구,대명6동,960∼977,11786
705-806,대구,남구,대명6동,982∼985,11787
705-806,대구,남구,대명6동,988∼989,11788
705-806,대구,남구,대명6동,1012∼1022,11789
705-811,대구,남구,대명6동,1023∼1115,11790
705-811,대구,남구,대명6동,1202∼1219,11791
705-807,대구,남구,대명6동,1260∼1266,11792
705-811,대구,남구,대명6동,1267∼1399,11793
705-807,대구,남구,대명6동,1400∼1426,11794
705-811,대구,남구,대명6동,1427∼1434,11795
705-807,대구,남구,대명6동,1435∼1465,11796
705-811,대구,남구,대명6동,1510∼1512,11797
705-811,대구,남구,대명6동,2681∼2739,11798
705-036,대구,남구,대명6동,,11799
705-707,대구,남구,대명9동 KT남대구지사,,11800
705-708,대구,남구,대명9동 KT대구망건설국,,11801
705-716,대구,남구,대명9동 대구광역시시립남부도서관,,11802
705-763,대구,남구,대명9동 앞산빌라,,11803
705-764,대구,남구,대명9동 보성청록타운,,11804
705-803,대구,남구,대명9동,330∼332,11805
705-803,대구,남구,대명9동,336∼358,11806
705-803,대구,남구,대명9동,361∼470,11807
705-804,대구,남구,대명9동,471∼480,11808
705-803,대구,남구,대명9동,481∼484,11809
705-804,대구,남구,대명9동,485∼500,11810
705-805,대구,남구,대명9동,501∼506,11811
705-804,대구,남구,대명9동,507∼520,11812
705-804,대구,남구,대명9동,522∼540,11813
705-804,대구,남구,대명9동,543∼563,11814
705-805,대구,남구,대명9동,615∼618,11815
705-805,대구,남구,대명9동,620∼628,11816
705-804,대구,남구,대명9동,630∼631,11817
705-804,대구,남구,대명9동,634∼635,11818
705-804,대구,남구,대명9동,643∼665,11819
705-805,대구,남구,대명9동,666∼779,11820
705-805,대구,남구,대명9동,812∼936,11821
705-804,대구,남구,대명9동,2680,11822
705-804,대구,남구,대명9동,산1∼227,11823
705-039,대구,남구,대명9동,,11824
705-782,대구,남구,대명10동 개나리아파트,(가∼다동),11825
705-790,대구,남구,대명10동 남대구세무서,,11826
705-766,대구,남구,대명10동 삼정비취맨션,,11827
705-765,대구,남구,대명10동 세신아파트,,11828
705-765,대구,남구,대명10동 용마맨션,,11829
705-766,대구,남구,대명10동 우방코스모스아파트,(A∼B동),11830
705-767,대구,남구,대명10동 파크맨션,,11831
705-810,대구,남구,대명10동,808∼811,11832
705-812,대구,남구,대명10동,978∼981,11833
705-812,대구,남구,대명10동,986∼987,11834
705-812,대구,남구,대명10동,990∼1011,11835
705-815,대구,남구,대명10동,1225∼1229,11836
705-815,대구,남구,대명10동,1590∼1605,11837
705-810,대구,남구,대명10동,1606∼1612,11838
705-810,대구,남구,대명10동,1620∼1629,11839
705-812,대구,남구,대명10동,1630∼1633,11840
705-810,대구,남구,대명10동,1634∼1648,11841
705-040,대구,남구,대명10동,,11842
705-768,대구,남구,대명11동 공원아파트,,11843
705-789,대구,남구,대명11동 도로교통공단대구광역시지부,,11844
705-768,대구,남구,대명11동 삼두아파트,,11845
705-768,대구,남구,대명11동 성한아파트,,11846
705-813,대구,남구,대명11동,1116∼1201,11847
705-813,대구,남구,대명11동,1230∼1259,11848
705-814,대구,남구,대명11동,1466∼1509,11849
705-814,대구,남구,대명11동,1513∼1580,11850
705-813,대구,남구,대명11동,1581∼1589,11851
705-813,대구,남구,대명11동,1613∼1619,11852
705-814,대구,남구,대명11동,1721-(26∼32),11853
705-814,대구,남구,대명11동,2740∼2768,11854
705-814,대구,남구,대명11동,산228∼322,11855
705-814,대구,남구,대명11동,산360,11856
705-041,대구,남구,대명11동,,11857
705-030,대구,남구,대명동,,11858
705-719,대구,남구,봉덕1동 KT대구본부,,11859
705-710,대구,남구,봉덕1동 KT봉덕지점,,11860
705-786,대구,남구,봉덕1동 강변코오롱하늘채아파트,(101∼104동),11861
705-702,대구,남구,봉덕1동 남구청,,11862
705-826,대구,남구,봉덕1동,1∼531,11863
705-826,대구,남구,봉덕1동,534∼535,11864
705-826,대구,남구,봉덕1동,541∼543,11865
705-830,대구,남구,봉덕1동,546∼547,11866
705-826,대구,남구,봉덕1동,551∼554,11867
705-826,대구,남구,봉덕1동,569∼571,11868
705-830,대구,남구,봉덕1동,572∼595,11869
705-830,대구,남구,봉덕1동,598∼599,11870
705-830,대구,남구,봉덕1동,604∼606,11871
705-826,대구,남구,봉덕1동,627,11872
705-826,대구,남구,봉덕1동,630,11873
705-826,대구,남구,봉덕1동,690∼694,11874
705-826,대구,남구,봉덕1동,705,11875
705-830,대구,남구,봉덕1동,720∼721,11876
705-830,대구,남구,봉덕1동,724∼743,11877
705-826,대구,남구,봉덕1동,744∼750,11878
705-830,대구,남구,봉덕1동,751∼864,11879
705-839,대구,남구,봉덕1동,865-(1∼9),11880
705-839,대구,남구,봉덕1동,865-(18∼23),11881
705-839,대구,남구,봉덕1동,866-(24∼25),11882
705-830,대구,남구,봉덕1동,867,11883
705-839,대구,남구,봉덕1동,868-(1∼15),11884
705-839,대구,남구,봉덕1동,868-(26),11885
705-839,대구,남구,봉덕1동,873-(1∼26),11886
705-839,대구,남구,봉덕1동,873-(31),11887
705-839,대구,남구,봉덕1동,876-(15∼40),11888
705-839,대구,남구,봉덕1동,877-(1∼7),11889
705-839,대구,남구,봉덕1동,877-(11∼23),11890
705-839,대구,남구,봉덕1동,955,11891
705-839,대구,남구,봉덕1동,960∼964,11892
705-826,대구,남구,봉덕1동,965∼979,11893
705-830,대구,남구,봉덕1동,980∼982,11894
705-830,대구,남구,봉덕1동,1008∼1011,11895
705-830,대구,남구,봉덕1동,1298∼1300,11896
705-826,대구,남구,봉덕1동,1619∼1629,11897
705-021,대구,남구,봉덕1동,,11898
705-787,대구,남구,봉덕2동 래미안웰리스트1단지아파트,(101∼105동),11899
705-787,대구,남구,봉덕2동 래미안웰리스트2단지아파트,(201∼203동),11900
705-750,대구,남구,봉덕2동 앞산힐스테이트아파트,(101∼105동),11901
705-751,대구,남구,봉덕2동 효성1차아파트,(101∼110동),11902
705-784,대구,남구,봉덕2동 효성2차아파트,(201∼208동),11903
705-827,대구,남구,봉덕2동,532∼533,11904
705-828,대구,남구,봉덕2동,536∼540,11905
705-827,대구,남구,봉덕2동,723,11906
705-827,대구,남구,봉덕2동,865-(10∼17),11907
705-827,대구,남구,봉덕2동,866-(1∼23),11908
705-827,대구,남구,봉덕2동,866-(26∼44),11909
705-827,대구,남구,봉덕2동,868-(16∼25),11910
705-827,대구,남구,봉덕2동,869∼872,11911
705-827,대구,남구,봉덕2동,873-(27∼30),11912
705-827,대구,남구,봉덕2동,874∼875,11913
705-827,대구,남구,봉덕2동,876-(1∼14),11914
705-827,대구,남구,봉덕2동,877-(8∼10),11915
705-827,대구,남구,봉덕2동,877-(24),11916
705-827,대구,남구,봉덕2동,878∼882,11917
705-828,대구,남구,봉덕2동,883∼923,11918
705-827,대구,남구,봉덕2동,924∼954,11919
705-827,대구,남구,봉덕2동,956∼959,11920
705-827,대구,남구,봉덕2동,991∼998,11921
705-833,대구,남구,봉덕2동,999∼1001,11922
705-828,대구,남구,봉덕2동,1002∼1003,11923
705-828,대구,남구,봉덕2동,1012∼1026,11924
705-833,대구,남구,봉덕2동,1027∼1062,11925
705-828,대구,남구,봉덕2동,1063∼1080,11926
705-833,대구,남구,봉덕2동,1081∼1160,11927
705-833,대구,남구,봉덕2동,1167∼1169,11928
705-834,대구,남구,봉덕2동,1170∼1203,11929
705-833,대구,남구,봉덕2동,1204∼1277,11930
705-833,대구,남구,봉덕2동,1281,11931
705-833,대구,남구,봉덕2동,1283-(4∼10),11932
705-833,대구,남구,봉덕2동,1283-(13∼20),11933
705-833,대구,남구,봉덕2동,1283-(31∼32),11934
705-833,대구,남구,봉덕2동,1283-(35),11935
705-833,대구,남구,봉덕2동,1283-(65∼69),11936
705-833,대구,남구,봉덕2동,1283-(87),11937
705-833,대구,남구,봉덕2동,1283-(103),11938
705-833,대구,남구,봉덕2동,1283-(106∼111),11939
705-833,대구,남구,봉덕2동,1283-(121),11940
705-833,대구,남구,봉덕2동,1284∼1288,11941
705-833,대구,남구,봉덕2동,1293-(1∼45),11942
705-833,대구,남구,봉덕2동,1293-(50∼51),11943
705-833,대구,남구,봉덕2동,1293-(89),11944
705-828,대구,남구,봉덕2동,1501∼1618,11945
705-833,대구,남구,봉덕2동,산17∼100,11946
705-022,대구,남구,봉덕2동,,11947
705-752,대구,남구,봉덕3동 대덕1차아파트,(101∼107동),11948
705-785,대구,남구,봉덕3동 대덕2차아파트,(201∼207동),11949
705-769,대구,남구,봉덕3동 미리내맨션,,11950
705-770,대구,남구,봉덕3동 반도아파트,,11951
705-770,대구,남구,봉덕3동 봉덕맨션,,11952
705-770,대구,남구,봉덕3동 신흥맨션,,11953
705-769,대구,남구,봉덕3동 앞산보성아파트,,11954
705-770,대구,남구,봉덕3동 태성맨션,,11955
705-771,대구,남구,봉덕3동 한우그랜드맨션,,11956
705-829,대구,남구,봉덕3동,544∼545,11957
705-829,대구,남구,봉덕3동,548∼550,11958
705-831,대구,남구,봉덕3동,555∼562,11959
705-832,대구,남구,봉덕3동,563∼568,11960
705-829,대구,남구,봉덕3동,596∼597,11961
705-829,대구,남구,봉덕3동,600∼603,11962
705-829,대구,남구,봉덕3동,607∼609,11963
705-831,대구,남구,봉덕3동,610∼618,11964
705-832,대구,남구,봉덕3동,619∼626,11965
705-831,대구,남구,봉덕3동,628∼629,11966
705-831,대구,남구,봉덕3동,631∼636,11967
705-829,대구,남구,봉덕3동,637∼639,11968
705-832,대구,남구,봉덕3동,640∼680,11969
705-831,대구,남구,봉덕3동,681∼689,11970
705-831,대구,남구,봉덕3동,695∼704,11971
705-831,대구,남구,봉덕3동,706∼719,11972
705-829,대구,남구,봉덕3동,722,11973
705-829,대구,남구,봉덕3동,983∼990,11974
705-829,대구,남구,봉덕3동,1004∼1007,11975
705-855,대구,남구,봉덕3동,1161∼1166,11976
705-855,대구,남구,봉덕3동,1278∼1280,11977
705-855,대구,남구,봉덕3동,1282∼1283,11978
705-855,대구,남구,봉덕3동,1283-(2),11979
705-855,대구,남구,봉덕3동,1283-(11),11980
705-855,대구,남구,봉덕3동,1283-(26),11981
705-855,대구,남구,봉덕3동,1283-(34),11982
705-855,대구,남구,봉덕3동,1283-(45∼58),11983
705-855,대구,남구,봉덕3동,1283-(70∼77),11984
705-855,대구,남구,봉덕3동,1283-(89),11985
705-855,대구,남구,봉덕3동,1283-(104),11986
705-855,대구,남구,봉덕3동,1283-(114∼119),11987
705-855,대구,남구,봉덕3동,1283-(122∼129),11988
705-855,대구,남구,봉덕3동,1289,11989
705-832,대구,남구,봉덕3동,1290∼1292,11990
705-832,대구,남구,봉덕3동,1293-(48),11991
705-832,대구,남구,봉덕3동,1293-(52∼60),11992
705-832,대구,남구,봉덕3동,1294∼1297,11993
705-829,대구,남구,봉덕3동,1301∼1311,11994
705-832,대구,남구,봉덕3동,1312∼1328,11995
705-835,대구,남구,봉덕3동,1329∼1336,11996
705-832,대구,남구,봉덕3동,1337∼1342,11997
705-835,대구,남구,봉덕3동,1343∼1388,11998
705-832,대구,남구,봉덕3동,1389∼1399,11999
705-835,대구,남구,봉덕3동,1400∼1500,12000
705-832,대구,남구,봉덕3동,산101∼227,12001
705-023,대구,남구,봉덕3동,,12002
705-020,대구,남구,봉덕동,,12003
705-772,대구,남구,이천동 강변타운,,12004
705-774,대구,남구,이천동 대성유니드아파트,(101∼107동),12005
705-773,대구,남구,이천동 상아맨션,,12006
705-711,대구,남구,이천동 월드메르디앙아파트,(101∼104동),12007
705-775,대구,남구,이천동 이천뜨란채아파트,(301∼402동),12008
705-772,대구,남구,이천동 주공아파트,(101∼204동),12009
705-836,대구,남구,이천동,1∼156,12010
705-837,대구,남구,이천동,157∼198,12011
705-836,대구,남구,이천동,199∼251,12012
705-837,대구,남구,이천동,252∼360,12013
705-836,대구,남구,이천동,361,12014
705-837,대구,남구,이천동,362∼438,12015
705-838,대구,남구,이천동,439∼462,12016
705-837,대구,남구,이천동,463∼490,12017
705-836,대구,남구,이천동,491∼599,12018
705-838,대구,남구,이천동,600∼650,12019
705-837,대구,남구,이천동,651∼664,12020
705-838,대구,남구,이천동,665∼757,12021
705-010,대구,남구,이천동,,12022
705-600,대구,남구,남대구우체국사서함,,12023
704-900,대구,달서구,갈산동,1∼195,12024
704-901,대구,달서구,갈산동,196∼357,12025
704-900,대구,달서구,갈산동,358∼390,12026
704-901,대구,달서구,갈산동,391∼545,12027
704-900,대구,달서구,갈산동,546∼590,12028
704-901,대구,달서구,갈산동,591∼971,12029
704-900,대구,달서구,갈산동,972∼981,12030
704-170,대구,달서구,갈산동,,12031
704-961,대구,달서구,감삼동 성당코오롱하늘채아파트,(101∼108동),12032
704-735,대구,달서구,감삼동 우방드림시티아파트,,12033
704-753,대구,달서구,감삼동 월드마크웨스트엔드,(101∼107동),12034
704-902,대구,달서구,감삼동,1∼25,12035
704-953,대구,달서구,감삼동,29∼34,12036
704-902,대구,달서구,감삼동,35∼55,12037
704-953,대구,달서구,감삼동,56∼120,12038
704-954,대구,달서구,감삼동,121∼162,12039
704-955,대구,달서구,감삼동,163∼170,12040
704-903,대구,달서구,감삼동,171∼195,12041
704-904,대구,달서구,감삼동,196∼345,12042
704-905,대구,달서구,감삼동,346∼636,12043
704-150,대구,달서구,감삼동,,12044
704-751,대구,달서구,대곡동 금강아파트,,12045
704-846,대구,달서구,대곡동 대곡역화성파크드림위드아파트,(101∼106동),12046
704-723,대구,달서구,대곡동 삼성래미안아파트,(101∼204동),12047
704-751,대구,달서구,대곡동 우방아파트,,12048
704-888,대구,달서구,대곡동 정부대구지방합동청사,,12049
704-751,대구,달서구,대곡동 청구아파트,,12050
704-838,대구,달서구,대곡동,1∼300,12051
704-839,대구,달서구,대곡동,301∼899,12052
704-840,대구,달서구,대곡동,900∼1030,12053
704-841,대구,달서구,대곡동,1031∼1050,12054
704-310,대구,달서구,대곡동,,12055
704-859,대구,달서구,대천동 월배태영데시앙아파트,(101∼107동),12056
704-864,대구,달서구,대천동 월배힐스테이트아파트,(101∼106동),12057
704-860,대구,달서구,대천동 이안월배아파트,(101∼105동),12058
704-800,대구,달서구,대천동,1∼575,12059
704-801,대구,달서구,대천동,576∼1100,12060
704-330,대구,달서구,대천동,,12061
704-707,대구,달서구,도원동 LH대구경북지역본부,,12062
704-791,대구,달서구,도원동 가람마을아파트,,12063
704-792,대구,달서구,도원동 강산타운아파트,,12064
704-793,대구,달서구,도원동 나래마을아파트,,12065
704-720,대구,달서구,도원동 롯데캐슬레이크아파트,(101∼109동),12066
704-794,대구,달서구,도원동 미리샘마을아파트,,12067
704-795,대구,달서구,도원동 별메마을아파트,,12068
704-796,대구,달서구,도원동 사계절타운아파트,,12069
704-797,대구,달서구,도원동 산새마을아파트,,12070
704-798,대구,달서구,도원동 아람마을아파트,,12071
704-799,대구,달서구,도원동 한실들마을아파트,,12072
704-802,대구,달서구,도원동,1∼1427,12073
704-803,대구,달서구,도원동,1428∼1438,12074
704-802,대구,달서구,도원동,1439,12075
704-803,대구,달서구,도원동,1440,12076
704-802,대구,달서구,도원동,1441∼1455,12077
704-803,대구,달서구,도원동,1456∼1480,12078
704-380,대구,달서구,도원동,,12079
704-731,대구,달서구,두류1.2동 국민건강보험공단대구달서지사,,12080
704-712,대구,달서구,두류1.2동 성안오피스텔건물,,12081
704-732,대구,달서구,두류1.2동 현대해상빌딩,,12082
704-908,대구,달서구,두류1.2동,1∼99,12083
704-909,대구,달서구,두류1.2동,100∼153,12084
704-909,대구,달서구,두류1.2동,302,12085
704-906,대구,달서구,두류1.2동,761∼779,12086
704-908,대구,달서구,두류1.2동,780∼781,12087
704-906,대구,달서구,두류1.2동,782∼812,12088
704-908,대구,달서구,두류1.2동,813,12089
704-906,대구,달서구,두류1.2동,814∼815,12090
704-908,대구,달서구,두류1.2동,816∼824,12091
704-906,대구,달서구,두류1.2동,825,12092
704-908,대구,달서구,두류1.2동,826,12093
704-906,대구,달서구,두류1.2동,827,12094
704-908,대구,달서구,두류1.2동,828,12095
704-906,대구,달서구,두류1.2동,829∼830,12096
704-908,대구,달서구,두류1.2동,831,12097
704-906,대구,달서구,두류1.2동,832,12098
704-908,대구,달서구,두류1.2동,833∼840,12099
704-906,대구,달서구,두류1.2동,841∼843,12100
704-908,대구,달서구,두류1.2동,851,12101
704-906,대구,달서구,두류1.2동,852∼855,12102
704-908,대구,달서구,두류1.2동,856∼857,12103
704-906,대구,달서구,두류1.2동,858∼1105,12104
704-907,대구,달서구,두류1.2동,1106∼1183,12105
704-906,대구,달서구,두류1.2동,1184∼1185,12106
704-907,대구,달서구,두류1.2동,1186∼1235,12107
704-908,대구,달서구,두류1.2동,1236,12108
704-907,대구,달서구,두류1.2동,1237∼1239,12109
704-908,대구,달서구,두류1.2동,1240∼1276,12110
704-907,대구,달서구,두류1.2동,1277,12111
704-908,대구,달서구,두류1.2동,1278∼1337,12112
704-908,대구,달서구,두류1.2동,1338∼1350,12113
704-061,대구,달서구,두류1.2동,,12114
704-734,대구,달서구,두류3동 삼정그린빌아파트,,12115
704-910,대구,달서구,두류3동,154∼301,12116
704-910,대구,달서구,두류3동,303∼494,12117
704-911,대구,달서구,두류3동,495∼497,12118
704-910,대구,달서구,두류3동,498∼629,12119
704-911,대구,달서구,두류3동,630∼760,12120
704-063,대구,달서구,두류3동,,12121
704-060,대구,달서구,두류동,,12122
704-721,대구,달서구,본동 대구공업대학,,12123
704-785,대구,달서구,본동 월성주공5단지아파트,,12124
704-752,대구,달서구,본동 청구그린맨션2차아파트,,12125
704-752,대구,달서구,본동 청구그린맨션3차아파트,,12126
704-804,대구,달서구,본동,1∼199,12127
704-805,대구,달서구,본동,200∼300,12128
704-806,대구,달서구,본동,301∼749,12129
704-807,대구,달서구,본동,750∼1300,12130
704-350,대구,달서구,본동,,12131
704-962,대구,달서구,본리동 롯데캐슬아파트,(101∼107동),12132
704-971,대구,달서구,본리동 롯데캐슬아파트,(201∼207동),12133
704-967,대구,달서구,본리동 성당래미안e-편한세상1단지아파트,(101∼110동),12134
704-968,대구,달서구,본리동 성당래미안e-편한세상2단지아파트,(201∼219동),12135
704-728,대구,달서구,본리동 현대백조타운,,12136
704-912,대구,달서구,본리동,1∼153,12137
704-913,대구,달서구,본리동,154∼351,12138
704-914,대구,달서구,본리동,352∼699,12139
704-942,대구,달서구,본리동,1198∼1217,12140
704-120,대구,달서구,본리동,,12141
704-754,대구,달서구,상인1동 동서아파트,,12142
704-722,대구,달서구,상인1동 롯데백화점,,12143
704-756,대구,달서구,상인1동 보성아파트,,12144
704-774,대구,달서구,상인1동 보성은하아파트,,12145
704-863,대구,달서구,상인1동 상인대성스카이렉스아파트,(101∼104동),12146
704-870,대구,달서구,상인1동 상인동화타운,(101∼102동),12147
704-867,대구,달서구,상인1동 상인역e편한세상1단지아파트,(101∼104동),12148
704-868,대구,달서구,상인1동 상인역e편한세상2단지아파트,(201∼206동),12149
704-845,대구,달서구,상인1동 상인역KCC스위첸,(101∼103동),12150
704-871,대구,달서구,상인1동 상인우방타운,(201∼203동),12151
704-718,대구,달서구,상인1동 상인자이아파트,(101∼107동),12152
704-870,대구,달서구,상인1동 상인태왕타운,(105∼107동),12153
704-870,대구,달서구,상인1동 상인한양타운,(103∼104동),12154
704-708,대구,달서구,상인1동 상인화성파크드림1단지아파트,(1101∼1114동),12155
704-709,대구,달서구,상인1동 상인화성파크드림2단지아파트,(2101∼2113동),12156
704-772,대구,달서구,상인1동 상인화성하이츠아파트,(101∼103동),12157
704-754,대구,달서구,상인1동 서한아파트,,12158
704-711,대구,달서구,상인1동 성지한서맨션,(101∼105동),12159
704-773,대구,달서구,상인1동 송현주공3단지아파트,(301∼310동),12160
704-842,대구,달서구,상인1동 신일해피트리아파트,(101∼107동),12161
704-755,대구,달서구,상인1동 영남아파트,,12162
704-710,대구,달서구,상인1동 월촌보성화성타운,(101∼105동),12163
704-754,대구,달서구,상인1동 청구아파트,,12164
704-756,대구,달서구,상인1동 현대동방아파트,,12165
704-755,대구,달서구,상인1동 화성아파트,,12166
704-808,대구,달서구,상인1동,1∼200,12167
704-808,대구,달서구,상인1동,700∼796,12168
704-813,대구,달서구,상인1동,797∼999,12169
704-814,대구,달서구,상인1동,1000∼1099,12170
704-813,대구,달서구,상인1동,1384,12171
704-808,대구,달서구,상인1동,1500,12172
704-814,대구,달서구,상인1동,1501,12173
704-808,대구,달서구,상인1동,1502∼1513,12174
704-814,대구,달서구,상인1동,1514∼1519,12175
704-818,대구,달서구,상인1동,1520∼1529,12176
704-814,대구,달서구,상인1동,1530∼1546,12177
704-371,대구,달서구,상인1동,,12178
704-757,대구,달서구,상인2동 낙원아파트,,12179
704-758,대구,달서구,상인2동 백조아파트,,12180
704-758,대구,달서구,상인2동 보라아파트,,12181
704-759,대구,달서구,상인2동 보성산호아파트,,12182
704-771,대구,달서구,상인2동 상인푸르지오아파트,(101∼107동),12183
704-757,대구,달서구,상인2동 우방청자아파트,,12184
704-759,대구,달서구,상인2동 한양은하아파트,,12185
704-809,대구,달서구,상인2동,201∼299,12186
704-817,대구,달서구,상인2동,300∼399,12187
704-811,대구,달서구,상인2동,400∼499,12188
704-812,대구,달서구,상인2동,500∼699,12189
704-815,대구,달서구,상인2동,1100∼1173,12190
704-815,대구,달서구,상인2동,1177∼1179,12191
704-811,대구,달서구,상인2동,1250∼1383,12192
704-809,대구,달서구,상인2동,1385∼1434,12193
704-817,대구,달서구,상인2동,1435∼1472,12194
704-809,대구,달서구,상인2동,1473,12195
704-812,대구,달서구,상인2동,1474,12196
704-811,대구,달서구,상인2동,1475∼1476,12197
704-817,대구,달서구,상인2동,1477∼1499,12198
704-372,대구,달서구,상인2동,,12199
704-775,대구,달서구,상인3동 비둘기아파트,,12200
704-760,대구,달서구,상인3동 은행아파트,,12201
704-761,대구,달서구,상인3동 장미아파트,,12202
704-762,대구,달서구,상인3동 제림아파트,,12203
704-762,대구,달서구,상인3동 평광아파트,,12204
704-816,대구,달서구,상인3동,1174∼1176,12205
704-816,대구,달서구,상인3동,1180∼1249,12206
704-816,대구,달서구,상인3동,1547∼1562,12207
704-819,대구,달서구,상인3동,1563∼1564,12208
704-816,대구,달서구,상인3동,1565∼1576,12209
704-819,대구,달서구,상인3동,1577∼1600,12210
704-373,대구,달서구,상인3동,,12211
704-370,대구,달서구,상인동,,12212
704-970,대구,달서구,성당동 성당두산위브,(101∼106동),12213
704-969,대구,달서구,성당동 성당래미안e-편한세상3단지아파트,(301∼309동),12214
704-963,대구,달서구,성당동 성당포스코더샵아파트,(101∼108동),12215
704-915,대구,달서구,성당동,1∼389,12216
704-916,대구,달서구,성당동,390∼433,12217
704-915,대구,달서구,성당동,434∼489,12218
704-916,대구,달서구,성당동,490∼505,12219
704-915,대구,달서구,성당동,506∼551,12220
704-917,대구,달서구,성당동,552∼639,12221
704-915,대구,달서구,성당동,640∼649,12222
704-917,대구,달서구,성당동,650∼665,12223
704-918,대구,달서구,성당동,666∼803,12224
704-915,대구,달서구,성당동,804,12225
704-917,대구,달서구,성당동,805∼840,12226
704-080,대구,달서구,성당동,,12227
704-763,대구,달서구,송현1동 해맞이아파트,,12228
704-822,대구,달서구,송현1동,190∼199,12229
704-823,대구,달서구,송현1동,200∼209,12230
704-824,대구,달서구,송현1동,210∼239,12231
704-822,대구,달서구,송현1동,240∼320,12232
704-823,대구,달서구,송현1동,321∼340,12233
704-824,대구,달서구,송현1동,341∼479,12234
704-827,대구,달서구,송현1동,798,12235
704-824,대구,달서구,송현1동,1931∼1942,12236
704-827,대구,달서구,송현1동,1943∼1963,12237
704-824,대구,달서구,송현1동,1964∼1983,12238
704-823,대구,달서구,송현1동,1984∼2006,12239
704-822,대구,달서구,송현1동,2007∼2014,12240
704-823,대구,달서구,송현1동,2015,12241
704-827,대구,달서구,송현1동,산22-(5),12242
704-827,대구,달서구,송현1동,산22-(7),12243
704-827,대구,달서구,송현1동,산24,12244
704-827,대구,달서구,송현1동,산51-(1),12245
704-824,대구,달서구,송현1동,산68,12246
704-823,대구,달서구,송현1동,산77∼78,12247
704-827,대구,달서구,송현1동,산169,12248
704-827,대구,달서구,송현1동,산702,12249
704-341,대구,달서구,송현1동,,12250
704-764,대구,달서구,송현2동 본동주공1차아파트,,12251
704-873,대구,달서구,송현2동 송현월성아파트,(1∼9동),12252
704-872,대구,달서구,송현2동 우방송현하이츠아파트,(101∼111동),12253
704-765,대구,달서구,송현2동 청구그린1차아파트,,12254
704-820,대구,달서구,송현2동,1∼139,12255
704-821,대구,달서구,송현2동,140∼189,12256
704-825,대구,달서구,송현2동,480∼589,12257
704-826,대구,달서구,송현2동,590∼594,12258
704-825,대구,달서구,송현2동,595∼639,12259
704-826,대구,달서구,송현2동,640∼797,12260
704-826,대구,달서구,송현2동,799∼1029,12261
704-820,대구,달서구,송현2동,1030∼1500,12262
704-825,대구,달서구,송현2동,1501∼1906,12263
704-826,대구,달서구,송현2동,1907∼1923,12264
704-825,대구,달서구,송현2동,1924∼1930,12265
704-342,대구,달서구,송현2동,,12266
704-340,대구,달서구,송현동,,12267
704-701,대구,달서구,신당동 계명대학교성서캠퍼스,,12268
704-703,대구,달서구,신당동 계명문화대학,,12269
704-749,대구,달서구,신당동 성서주공1단지아파트,(101∼113동),12270
704-776,대구,달서구,신당동 성서주공2단지아파트,(201∼305동),12271
704-776,대구,달서구,신당동 성서주공3단지아파트,(201∼305동),12272
704-770,대구,달서구,신당동 한화꿈에그린아파트,(101∼110동),12273
704-919,대구,달서구,신당동,1∼299,12274
704-920,대구,달서구,신당동,300∼399,12275
704-919,대구,달서구,신당동,400∼1086,12276
704-920,대구,달서구,신당동,1087∼1164,12277
704-919,대구,달서구,신당동,1165∼1699,12278
704-921,대구,달서구,신당동,1700∼1747,12279
704-919,대구,달서구,신당동,1748∼1761,12280
704-921,대구,달서구,신당동,1762∼1770,12281
704-922,대구,달서구,신당동,1771∼1846,12282
704-920,대구,달서구,신당동,1847∼1900,12283
704-200,대구,달서구,신당동,,12284
704-717,대구,달서구,용산1동 대구지방검찰청서부지청,,12285
704-716,대구,달서구,용산1동 대구지방법원서부지원,,12286
704-730,대구,달서구,용산1동 롯데캐슬아파트,,12287
704-748,대구,달서구,용산1동 미진태왕아파트,,12288
704-966,대구,달서구,용산1동 용산1차서한화성타운아파트,(101∼107동),12289
704-747,대구,달서구,용산1동 용산2차서한화성타운,(101∼203동),12290
704-748,대구,달서구,용산1동 용산2차우방타운,(101∼103동),12291
704-964,대구,달서구,용산1동 용산동서우방타운아파트,(101∼203동),12292
704-748,대구,달서구,용산1동 용산보성타운,,12293
704-965,대구,달서구,용산1동 용산세광태왕2차타운아파트,(101∼203동),12294
704-747,대구,달서구,용산1동 용산영남타운,,12295
704-737,대구,달서구,용산1동 용산우방아파트,,12296
704-747,대구,달서구,용산1동 용산청구블루빌타운,,12297
704-748,대구,달서구,용산1동 용산청구타운,,12298
704-747,대구,달서구,용산1동 용산파크타운,,12299
704-747,대구,달서구,용산1동 용산현대우방타운,,12300
704-737,대구,달서구,용산1동 우방죽전타운,,12301
704-923,대구,달서구,용산1동,1∼300,12302
704-924,대구,달서구,용산1동,301∼409,12303
704-926,대구,달서구,용산1동,601∼854,12304
704-935,대구,달서구,용산1동,855∼903,12305
704-936,대구,달서구,용산1동,904∼949,12306
704-937,대구,달서구,용산1동,950∼960,12307
704-131,대구,달서구,용산1동,,12308
704-743,대구,달서구,용산2동 보람타운,,12309
704-744,대구,달서구,용산2동 성서1차영남우방타운,(101∼105동),12310
704-744,대구,달서구,용산2동 성서2차보성타운,(101∼108동),12311
704-744,대구,달서구,용산2동 성서2차영남우방타운,(101∼107동),12312
704-744,대구,달서구,용산2동 성서주공5단지아파트,(501∼511동),12313
704-746,대구,달서구,용산2동 성서주공6단지아파트,(601∼611동),12314
704-744,대구,달서구,용산2동 성서주공7단지아파트,(701∼711동),12315
704-745,대구,달서구,용산2동 성서주공8단지아파트,(801∼809동),12316
704-972,대구,달서구,용산2동 성서청구아파트,(101∼106동),12317
704-743,대구,달서구,용산2동 평화타운,,12318
704-744,대구,달서구,용산2동 한마음타운,,12319
704-925,대구,달서구,용산2동,410∼416,12320
704-933,대구,달서구,용산2동,417∼499,12321
704-934,대구,달서구,용산2동,500∼600,12322
704-132,대구,달서구,용산2동,,12323
704-130,대구,달서구,용산동,,12324
704-719,대구,달서구,월성1동 삼성래미안아파트,(101∼107동),12325
704-877,대구,달서구,월성1동 월성e-편한세상,(101∼108동),12326
704-766,대구,달서구,월성1동 월성보성타운1단지,(101∼113동),12327
704-874,대구,달서구,월성1동 월성영남맨션,(101∼103동),12328
704-875,대구,달서구,월성1동 월성우방아파트,(101∼106동),12329
704-876,대구,달서구,월성1동 월성월드메르디앙,(101∼107동),12330
704-724,대구,달서구,월성1동 월성자이아파트,(101∼105동),12331
704-767,대구,달서구,월성1동 월성청구타운,(101∼103동),12332
704-843,대구,달서구,월성1동 월성코오롱하늘채아파트,(101∼203동),12333
704-865,대구,달서구,월성1동 월성푸르지오아파트,(101∼110동),12334
704-865,대구,달서구,월성1동 월성푸르지오아파트,(301∼304동),12335
704-767,대구,달서구,월성1동 월성화성타운,(101∼105동),12336
704-725,대구,달서구,월성1동 태왕아너스월성아파트,(101∼106동),12337
704-829,대구,달서구,월성1동,106∼132,12338
704-829,대구,달서구,월성1동,324∼326,12339
704-829,대구,달서구,월성1동,364∼500,12340
704-830,대구,달서구,월성1동,501∼824,12341
704-830,대구,달서구,월성1동,866∼960,12342
704-830,대구,달서구,월성1동,966∼996,12343
704-830,대구,달서구,월성1동,1005∼1012,12344
704-830,대구,달서구,월성1동,1072∼1076,12345
704-830,대구,달서구,월성1동,1090∼1106,12346
704-830,대구,달서구,월성1동,1134∼1771,12347
704-401,대구,달서구,월성1동,,12348
704-702,대구,달서구,월성2동 달서구청,,12349
704-704,대구,달서구,월성2동 대구달서경찰서,,12350
704-402,대구,달서구,월성2동 대구달서우체국,,12351
704-769,대구,달서구,월성2동 서한아파트,,12352
704-768,대구,달서구,월성2동 월성보성타운2단지아파트,(201∼207동),12353
704-781,대구,달서구,월성2동 월성주공1단지아파트,(101∼124동),12354
704-782,대구,달서구,월성2동 월성주공2단지아파트,(201∼211동),12355
704-783,대구,달서구,월성2동 월성주공3단지아파트,(301∼308동),12356
704-784,대구,달서구,월성2동 월성주공4단지아파트,(401∼417동),12357
704-828,대구,달서구,월성2동,1∼105,12358
704-828,대구,달서구,월성2동,133∼323,12359
704-828,대구,달서구,월성2동,327∼363,12360
704-831,대구,달서구,월성2동,825∼865,12361
704-831,대구,달서구,월성2동,961∼965,12362
704-831,대구,달서구,월성2동,997∼1004,12363
704-831,대구,달서구,월성2동,1013∼1071,12364
704-831,대구,달서구,월성2동,1077∼1089,12365
704-831,대구,달서구,월성2동,1107∼1133,12366
704-831,대구,달서구,월성2동,1772∼1788,12367
704-402,대구,달서구,월성2동,,12368
704-400,대구,달서구,월성동,,12369
704-832,대구,달서구,월암동,1∼300,12370
704-833,대구,달서구,월암동,301∼1200,12371
704-320,대구,달서구,월암동,,12372
704-861,대구,달서구,유천동 대곡역화성파크드림아파트,(101∼104동),12373
704-869,대구,달서구,유천동 월배쌍용예가아파트,(101∼103동),12374
704-726,대구,달서구,유천동 유천포스코더샵아파트,(101∼106동),12375
704-705,대구,달서구,유천동 진천역화성파크리젠시아파트,(101∼103동),12376
704-390,대구,달서구,유천동,,12377
704-706,대구,달서구,이곡1동 대구성서경찰서,,12378
704-140,대구,달서구,이곡1동 대구성서우체국,,12379
704-714,대구,달서구,이곡1동 메가타운,,12380
704-739,대구,달서구,이곡1동 성서2차화성타운,(101∼104동),12381
704-739,대구,달서구,이곡1동 성서3차동서타운,(301∼302동),12382
704-738,대구,달서구,이곡1동 성서동서화성타운,,12383
704-974,대구,달서구,이곡1동 성서무지개타운,(101∼105동),12384
704-740,대구,달서구,이곡1동 성서주공4단지아파트,(401∼406동),12385
704-975,대구,달서구,이곡1동 성서푸른마을아파트,(101∼106동),12386
704-787,대구,달서구,이곡1동 성서한빛마을,(301∼317동),12387
704-738,대구,달서구,이곡1동 와룡타운,(101∼302동),12388
704-739,대구,달서구,이곡1동 한샘타운,(101∼107동),12389
704-927,대구,달서구,이곡1동,1∼499,12390
704-929,대구,달서구,이곡1동,600∼890,12391
704-929,대구,달서구,이곡1동,1000-(45∼228),12392
704-929,대구,달서구,이곡1동,1000-(273∼284),12393
704-929,대구,달서구,이곡1동,1000-(286∼302),12394
704-929,대구,달서구,이곡1동,1000-(304∼353),12395
704-928,대구,달서구,이곡1동,1225∼1269,12396
704-930,대구,달서구,이곡1동,1336∼1356,12397
704-141,대구,달서구,이곡1동,,12398
704-713,대구,달서구,이곡2동 국민연금대구회관건물,,12399
704-777,대구,달서구,이곡2동 대백한라창신아파트,,12400
704-778,대구,달서구,이곡2동 동서서한아파트,,12401
704-779,대구,달서구,이곡2동 보성화성아파트,,12402
704-778,대구,달서구,이곡2동 성서2차서한타운,(101∼106동),12403
704-780,대구,달서구,이곡2동 우방아파트,,12404
704-786,대구,달서구,이곡2동 청남아파트,,12405
704-938,대구,달서구,이곡2동,500∼599,12406
704-938,대구,달서구,이곡2동,891∼999,12407
704-938,대구,달서구,이곡2동,1000-(1∼44),12408
704-938,대구,달서구,이곡2동,1000-(229∼272),12409
704-938,대구,달서구,이곡2동,1000-(285),12410
704-938,대구,달서구,이곡2동,1000-(303),12411
704-938,대구,달서구,이곡2동,1000-(354∼362),12412
704-938,대구,달서구,이곡2동,1019∼1061,12413
704-943,대구,달서구,이곡2동,1062∼1190,12414
704-939,대구,달서구,이곡2동,1191∼1199,12415
704-940,대구,달서구,이곡2동,1200∼1224,12416
704-941,대구,달서구,이곡2동,1270∼1335,12417
704-142,대구,달서구,이곡2동,,12418
704-140,대구,달서구,이곡동,,12419
704-190,대구,달서구,장동,,12420
704-727,대구,달서구,장기동 누림타운아파트,(101∼104동),12421
704-729,대구,달서구,장기동 영남네오빌파크아파트,,12422
704-733,대구,달서구,장기동 장기주공아파트,(101∼105동),12423
704-973,대구,달서구,장기동 장기초록나라아파트,(101∼113동),12424
704-750,대구,달서구,장기동 장기파랑새마을,(101∼503동),12425
704-944,대구,달서구,장기동,1∼499,12426
704-945,대구,달서구,장기동,500∼800,12427
704-180,대구,달서구,장기동,,12428
704-736,대구,달서구,죽전동 그린빌아파트,,12429
704-931,대구,달서구,죽전동,1∼216,12430
704-932,대구,달서구,죽전동,217∼410,12431
704-160,대구,달서구,죽전동,,12432
704-788,대구,달서구,진천동 귀빈1차아파트,,12433
704-788,대구,달서구,진천동 귀빈2차아파트,,12434
704-789,대구,달서구,진천동 동백아파트,,12435
704-844,대구,달서구,진천동 진천역계룡리슈빌아파트,(101∼110동),12436
704-866,대구,달서구,진천동 진천역대성스카이렉스아파트,(101∼103동),12437
704-862,대구,달서구,진천동 진천태왕아너스아파트,(101∼202동),12438
704-790,대구,달서구,진천동 청구아파트,,12439
704-700,대구,달서구,진천동 포스코더샵아파트,(101∼107동),12440
704-834,대구,달서구,진천동,1∼129,12441
704-835,대구,달서구,진천동,130∼140,12442
704-836,대구,달서구,진천동,141∼219,12443
704-834,대구,달서구,진천동,220∼256,12444
704-836,대구,달서구,진천동,257∼299,12445
704-837,대구,달서구,진천동,300∼499,12446
704-834,대구,달서구,진천동,500∼599,12447
704-837,대구,달서구,진천동,600∼799,12448
704-836,대구,달서구,진천동,800∼899,12449
704-360,대구,달서구,진천동,,12450
704-742,대구,달서구,파호동 삼성명가타운,,12451
704-220,대구,달서구,파호동,,12452
704-715,대구,달서구,호림동 모다아울렛,,12453
704-240,대구,달서구,호림동,,12454
704-741,대구,달서구,호산동 삼성한국형아파트,,12455
704-946,대구,달서구,호산동,1∼360,12456
704-947,대구,달서구,호산동,361∼464,12457
704-948,대구,달서구,호산동,465∼720,12458
704-230,대구,달서구,호산동,,12459
704-600,대구,달서구,대구달서우체국사서함,,12460
704-650,대구,달서구,대구성서우체국사서함,,12461
701-904,대구,동구,각산동 각산태영데시앙아파트,(101∼109동),12462
701-788,대구,동구,각산동 각산푸르지오1단지아파트,(101∼104동),12463
701-789,대구,동구,각산동 각산푸르지오2단지아파트,(201∼207동),12464
701-704,대구,동구,각산동 대구동부경찰서,,12465
701-710,대구,동구,각산동 성지비둘기아파트,,12466
701-710,대구,동구,각산동 성지아파트,,12467
701-711,대구,동구,각산동 안심효성타운,,12468
701-855,대구,동구,각산동,1∼199,12469
701-856,대구,동구,각산동,200∼309,12470
701-857,대구,동구,각산동,310∼799,12471
701-858,대구,동구,각산동,800∼1018,12472
701-290,대구,동구,각산동,,12473
701-752,대구,동구,검사동 공군관사,,12474
701-712,대구,동구,검사동 금사리하이빌아파트,,12475
701-799,대구,동구,검사동 사서함,304,12476
701-859,대구,동구,검사동,1∼600,12477
701-860,대구,동구,검사동,601∼956,12478
701-861,대구,동구,검사동,957∼972,12479
701-862,대구,동구,검사동,973∼1110,12480
701-040,대구,동구,검사동,,12481
701-320,대구,동구,괴전동,,12482
701-330,대구,동구,금강동,,12483
701-470,대구,동구,내동,,12484
701-370,대구,동구,내곡동,,12485
701-530,대구,동구,능성동,,12486
701-350,대구,동구,대림동,,12487
701-510,대구,동구,덕곡동,,12488
701-713,대구,동구,도동 에덴공항3차아파트,(101∼104동),12489
701-180,대구,동구,도동,,12490
701-430,대구,동구,도학동,,12491
701-310,대구,동구,동내동,,12492
701-777,대구,동구,동호동 대구동호상록아파트,,12493
701-230,대구,동구,동호동 대구안심우체국,,12494
701-778,대구,동구,동호동 상록아이투빌아파트,,12495
701-848,대구,동구,동호동,1∼207,12496
701-849,대구,동구,동호동,208∼394,12497
701-230,대구,동구,동호동,,12498
701-160,대구,동구,둔산동,,12499
701-280,대구,동구,매여동,,12500
701-410,대구,동구,미곡동,,12501
701-460,대구,동구,미대동,,12502
701-753,대구,동구,방촌동 강변1차아파트,,12503
701-753,대구,동구,방촌동 강변2차아파트,,12504
701-754,대구,동구,방촌동 보성강남타운,,12505
701-784,대구,동구,방촌동 영남네오빌아파트,(101∼112동),12506
701-718,대구,동구,방촌동 영남네오빌아파트,(201∼203동),12507
701-719,대구,동구,방촌동 우방2차강촌마을아파트,(101∼105동),12508
701-751,대구,동구,방촌동 우방강촌마을아파트,,12509
701-800,대구,동구,방촌동,1∼599,12510
701-801,대구,동구,방촌동,600∼787,12511
701-802,대구,동구,방촌동,788∼906,12512
701-801,대구,동구,방촌동,907∼1060,12513
701-803,대구,동구,방촌동,1061∼1072,12514
701-804,대구,동구,방촌동,1073∼1149,12515
701-120,대구,동구,방촌동,,12516
701-400,대구,동구,백안동,,12517
701-720,대구,동구,봉무동 봉무청구새들마을아파트,,12518
701-170,대구,동구,봉무동,,12519
701-150,대구,동구,부동,,12520
701-721,대구,동구,불로동 에덴공항아파트,(1∼9동),12521
701-805,대구,동구,불로동,1∼99,12522
701-806,대구,동구,불로동,100∼299,12523
701-805,대구,동구,불로동,300∼399,12524
701-806,대구,동구,불로동,400∼499,12525
701-805,대구,동구,불로동,500∼599,12526
701-807,대구,동구,불로동,600∼1076,12527
701-805,대구,동구,불로동,1077∼1149,12528
701-806,대구,동구,불로동,1150∼1300,12529
701-130,대구,동구,불로동,,12530
701-360,대구,동구,사복동,,12531
701-270,대구,동구,상매동,,12532
701-240,대구,동구,서호동,,12533
701-520,대구,동구,송정동,,12534
701-340,대구,동구,숙천동,,12535
701-755,대구,동구,신기동 모란1차아파트,(1∼6동),12536
701-756,대구,동구,신기동 모란2차아파트,(1∼6동),12537
701-756,대구,동구,신기동 모란3차아파트,(1∼12동),12538
701-763,대구,동구,신기동 안심주공3단지아파트,,12539
701-757,대구,동구,신기동 천일맨션,,12540
701-758,대구,동구,신기동 화성아파트,,12541
701-808,대구,동구,신기동,1∼570,12542
701-809,대구,동구,신기동,571∼596,12543
701-210,대구,동구,신기동,,12544
701-450,대구,동구,신무동,,12545
701-722,대구,동구,신서동 그린빌아파트,,12546
701-759,대구,동구,신서동 녹원아파트,,12547
701-715,대구,동구,신서동 대경넥스빌아파트,,12548
701-716,대구,동구,신서동 동화해오름타운,,12549
701-738,대구,동구,신서동 롯데캐슬레전드아파트,(101∼104동),12550
701-790,대구,동구,신서동 신서퀸덤아파트,(101∼105동),12551
701-794,대구,동구,신서동 신서화성파크드림아파트,(101∼108동),12552
701-707,대구,동구,신서동 신일해피트리아파트,(101∼105동),12553
701-717,대구,동구,신서동 영조아름다운나날1단지아파트,,12554
701-748,대구,동구,신서동 영조아름다운나날2단지아파트,,12555
701-749,대구,동구,신서동 영조아름다운나날3단지아파트,,12556
701-759,대구,동구,신서동 청구타운,,12557
701-867,대구,동구,신서동,1∼490,12558
701-868,대구,동구,신서동,491∼525,12559
701-869,대구,동구,신서동,526∼560,12560
701-870,대구,동구,신서동,561∼1135,12561
701-300,대구,동구,신서동,,12562
701-736,대구,동구,신암1동 신암뜨란채아파트,,12563
701-819,대구,동구,신암1동,576-(18∼35),12564
701-819,대구,동구,신암1동,577∼588,12565
701-820,대구,동구,신암1동,589∼602,12566
701-819,대구,동구,신암1동,603∼605,12567
701-820,대구,동구,신암1동,606∼607,12568
701-819,대구,동구,신암1동,608∼609,12569
701-819,대구,동구,신암1동,610-(2∼70),12570
701-819,대구,동구,신암1동,611,12571
701-819,대구,동구,신암1동,612-(2∼7),12572
701-819,대구,동구,신암1동,612-(9∼51),12573
701-819,대구,동구,신암1동,612-(57∼59),12574
701-819,대구,동구,신암1동,612-(66∼80),12575
701-819,대구,동구,신암1동,615-(4∼5),12576
701-819,대구,동구,신암1동,616-(1∼98),12577
701-819,대구,동구,신암1동,616-(104∼110),12578
701-819,대구,동구,신암1동,623-(10∼15),12579
701-819,대구,동구,신암1동,623-(31),12580
701-819,대구,동구,신암1동,626-(3∼13),12581
701-819,대구,동구,신암1동,626-(18∼60),12582
701-819,대구,동구,신암1동,627-(20∼22),12583
701-819,대구,동구,신암1동,627-(27),12584
701-819,대구,동구,신암1동,627-(31∼37),12585
701-819,대구,동구,신암1동,628∼636,12586
701-822,대구,동구,신암1동,637,12587
701-819,대구,동구,신암1동,638,12588
701-822,대구,동구,신암1동,639,12589
701-819,대구,동구,신암1동,640∼641,12590
701-822,대구,동구,신암1동,642,12591
701-819,대구,동구,신암1동,643∼644,12592
701-819,대구,동구,신암1동,647-(1∼13),12593
701-819,대구,동구,신암1동,647-(41∼48),12594
701-819,대구,동구,신암1동,647-(71∼100),12595
701-819,대구,동구,신암1동,652∼653,12596
701-822,대구,동구,신암1동,654∼663,12597
701-822,대구,동구,신암1동,665∼675,12598
701-822,대구,동구,신암1동,683∼721,12599
701-820,대구,동구,신암1동,722∼806,12600
701-820,대구,동구,신암1동,808-(3),12601
701-820,대구,동구,신암1동,809∼816,12602
701-820,대구,동구,신암1동,817-(1),12603
701-820,대구,동구,신암1동,818-(3∼6),12604
701-820,대구,동구,신암1동,823∼831,12605
701-011,대구,동구,신암1동,,12606
701-760,대구,동구,신암2동 강남아파트,,12607
701-743,대구,동구,신암2동 교보빌딩,,12608
701-723,대구,동구,신암2동 신암그린타운아파트,,12609
701-791,대구,동구,신암2동 신암청아람아파트,(101∼107동),12610
701-817,대구,동구,신암2동,400∼493,12611
701-818,대구,동구,신암2동,494∼572,12612
701-818,대구,동구,신암2동,806-(3),12613
701-818,대구,동구,신암2동,808-(5),12614
701-818,대구,동구,신암2동,817-(3∼5),12615
701-818,대구,동구,신암2동,818-(2),12616
701-818,대구,동구,신암2동,818-(11),12617
701-818,대구,동구,신암2동,819∼822,12618
701-818,대구,동구,신암2동,1179∼1285,12619
701-817,대구,동구,신암2동,1286∼1312,12620
701-817,대구,동구,신암2동,1314∼1399,12621
701-012,대구,동구,신암2동,,12622
701-764,대구,동구,신암3동 71신암아파트,(1∼9동),12623
701-764,대구,동구,신암3동 73신암아파트,(1∼6동),12624
701-737,대구,동구,신암3동 건영캐스빌아파트,,12625
701-814,대구,동구,신암3동,164∼199,12626
701-815,대구,동구,신암3동,200∼244,12627
701-013,대구,동구,신암3동,,12628
701-742,대구,동구,신암4동 KT동대구지사,,12629
701-765,대구,동구,신암4동 보성1차아파트,(1∼12동),12630
701-744,대구,동구,신암4동 진로이스트타운아파트,,12631
701-724,대구,동구,신암4동 파티마병원,,12632
701-813,대구,동구,신암4동,115∼116,12633
701-813,대구,동구,신암4동,120∼123,12634
701-813,대구,동구,신암4동,132-(1∼2),12635
701-813,대구,동구,신암4동,132-(4),12636
701-813,대구,동구,신암4동,132-(6),12637
701-813,대구,동구,신암4동,132-(8),12638
701-813,대구,동구,신암4동,132-(10),12639
701-813,대구,동구,신암4동,132-(20∼32),12640
701-813,대구,동구,신암4동,133,12641
701-813,대구,동구,신암4동,134-(2),12642
701-813,대구,동구,신암4동,134-(283∼284),12643
701-813,대구,동구,신암4동,135,12644
701-812,대구,동구,신암4동,136∼139,12645
701-813,대구,동구,신암4동,140∼163,12646
701-816,대구,동구,신암4동,245∼246,12647
701-812,대구,동구,신암4동,247∼259,12648
701-816,대구,동구,신암4동,260∼399,12649
701-812,대구,동구,신암4동,573∼575,12650
701-812,대구,동구,신암4동,576-(1∼15),12651
701-812,대구,동구,신암4동,610-(1),12652
701-812,대구,동구,신암4동,612-(1),12653
701-812,대구,동구,신암4동,612-(8),12654
701-812,대구,동구,신암4동,612-(53∼56),12655
701-812,대구,동구,신암4동,612-(60∼63),12656
701-812,대구,동구,신암4동,613∼614,12657
701-812,대구,동구,신암4동,615-(1),12658
701-812,대구,동구,신암4동,616-(99∼103),12659
701-812,대구,동구,신암4동,618∼621,12660
701-821,대구,동구,신암4동,622,12661
701-812,대구,동구,신암4동,623-(4),12662
701-812,대구,동구,신암4동,623-(16∼30),12663
701-821,대구,동구,신암4동,624∼625,12664
701-821,대구,동구,신암4동,626-(2),12665
701-821,대구,동구,신암4동,626-(14∼17),12666
701-821,대구,동구,신암4동,627-(1∼19),12667
701-821,대구,동구,신암4동,627-(23∼26),12668
701-821,대구,동구,신암4동,627-(28∼30),12669
701-821,대구,동구,신암4동,627-(38∼50),12670
701-821,대구,동구,신암4동,645∼646,12671
701-821,대구,동구,신암4동,647-(14∼40),12672
701-821,대구,동구,신암4동,647-(49∼70),12673
701-821,대구,동구,신암4동,648∼651,12674
701-821,대구,동구,신암4동,664,12675
701-821,대구,동구,신암4동,676∼682,12676
701-813,대구,동구,신암4동,1060∼1070,12677
701-813,대구,동구,신암4동,1585∼1761,12678
701-813,대구,동구,신암4동,1764∼1874,12679
701-014,대구,동구,신암4동,,12680
701-701,대구,동구,신암5동 동구청,,12681
701-766,대구,동구,신암5동 동서아파트,,12682
701-767,대구,동구,신암5동 보성2차아파트,(101∼111동),12683
701-768,대구,동구,신암5동 청기와아파트,,12684
701-810,대구,동구,신암5동,1∼79,12685
701-811,대구,동구,신암5동,80∼89,12686
701-810,대구,동구,신암5동,90∼114,12687
701-811,대구,동구,신암5동,117∼119,12688
701-811,대구,동구,신암5동,124∼131,12689
701-810,대구,동구,신암5동,132-(3),12690
701-810,대구,동구,신암5동,132-(5),12691
701-810,대구,동구,신암5동,132-(7),12692
701-810,대구,동구,신암5동,132-(9),12693
701-810,대구,동구,신암5동,132-(11),12694
701-811,대구,동구,신암5동,134-(3∼282),12695
701-811,대구,동구,신암5동,134-(285∼350),12696
701-810,대구,동구,신암5동,1313,12697
701-810,대구,동구,신암5동,1400∼1584,12698
701-811,대구,동구,신암5동,1762∼1763,12699
701-015,대구,동구,신암5동,,12700
701-010,대구,동구,신암동,,12701
701-490,대구,동구,신용동,,12702
701-769,대구,동구,신천1.2동 동신우방아파트,,12703
701-725,대구,동구,신천1.2동 신천2주공아파트,(201∼207동),12704
701-781,대구,동구,신천1.2동 신천가람타운,,12705
701-782,대구,동구,신천1.2동 신천주공아파트,,12706
701-703,대구,동구,신천1.2동 신천휴먼시아5단지아파트,(501∼509동),12707
701-903,대구,동구,신천1.2동 신천휴먼시아6단지아파트,(601∼605동),12708
701-770,대구,동구,신천1.2동 우방푸른타운,,12709
701-745,대구,동구,신천1.2동 주공그린빌아파트,(301∼303동),12710
701-831,대구,동구,신천1.2동,500∼501,12711
701-832,대구,동구,신천1.2동,502∼527,12712
701-831,대구,동구,신천1.2동,528∼595,12713
701-833,대구,동구,신천1.2동,596∼632,12714
701-832,대구,동구,신천1.2동,633∼767,12715
701-832,대구,동구,신천1.2동,781∼787,12716
701-832,대구,동구,신천1.2동,789∼846,12717
701-831,대구,동구,신천1.2동,1200∼1490,12718
701-021,대구,동구,신천1.2동,,12719
701-726,대구,동구,신천3동 국제라이온스클럽,,12720
701-727,대구,동구,신천3동 대구빌딩,,12721
701-702,대구,동구,신천3동 대구상공회의소빌딩,,12722
701-706,대구,동구,신천3동 대구세관,,12723
701-907,대구,동구,신천3동 동대구삼환나우빌아파트,(101∼102동),12724
701-728,대구,동구,신천3동 동진빌딩,,12725
701-729,대구,동구,신천3동 미디어윌빌딩,,12726
701-730,대구,동구,신천3동 벤처센터빌딩,,12727
701-902,대구,동구,신천3동 벽산e-솔렌스힐아파트,(101∼102동),12728
701-731,대구,동구,신천3동 삼양사빌딩,,12729
701-796,대구,동구,신천3동 신천두산위브아파트,(101∼104동),12730
701-795,대구,동구,신천3동 신천청아람아파트,(101∼105동),12731
701-750,대구,동구,신천3동 영남일보사건물,,12732
701-780,대구,동구,신천3동 현대하이페리온아파트,(101∼201동),12733
701-779,대구,동구,신천3동 화성파크드림이스트밸리아파트,(101∼105동),12734
701-823,대구,동구,신천3동,1∼72,12735
701-824,대구,동구,신천3동,73∼134,12736
701-825,대구,동구,신천3동,135∼185,12737
701-826,대구,동구,신천3동,186∼195,12738
701-823,대구,동구,신천3동,196∼259,12739
701-826,대구,동구,신천3동,260∼270,12740
701-823,대구,동구,신천3동,271∼284,12741
701-834,대구,동구,신천3동,768∼780,12742
701-834,대구,동구,신천3동,788,12743
701-834,대구,동구,신천3동,847∼1199,12744
701-023,대구,동구,신천3동,,12745
701-714,대구,동구,신천4동 국제오피스텔건물,,12746
701-708,대구,동구,신천4동 동광빌딩,,12747
701-732,대구,동구,신천4동 동대구세무서,,12748
701-772,대구,동구,신천4동 백합아파트,,12749
701-772,대구,동구,신천4동 코오롱아파트,,12750
701-709,대구,동구,신천4동 태평양빌딩,,12751
701-827,대구,동구,신천4동,285∼326,12752
701-828,대구,동구,신천4동,327∼330,12753
701-829,대구,동구,신천4동,331∼367,12754
701-830,대구,동구,신천4동,368∼375,12755
701-829,대구,동구,신천4동,376∼378,12756
701-828,대구,동구,신천4동,379∼442,12757
701-830,대구,동구,신천4동,443∼482,12758
701-828,대구,동구,신천4동,483∼491,12759
701-830,대구,동구,신천4동,492∼499,12760
701-024,대구,동구,신천4동,,12761
701-020,대구,동구,신천동,,12762
701-140,대구,동구,신평동,,12763
701-773,대구,동구,용계동 강변동서마을,,12764
701-773,대구,동구,용계동 백자맨션,,12765
701-773,대구,동구,용계동 은하아파트,,12766
701-835,대구,동구,용계동,1∼399,12767
701-835,대구,동구,용계동,400∼1050,12768
701-250,대구,동구,용계동,,12769
701-440,대구,동구,용수동,,12770
701-260,대구,동구,율암동,,12771
701-793,대구,동구,율하동 경남안아주아파트,(101∼106동),12772
701-906,대구,동구,율하동 세계육상선수촌1단지아파트,(101∼109동),12773
701-905,대구,동구,율하동 세계육상선수촌2단지아파트,(201∼214동),12774
701-761,대구,동구,율하동 안심주공1단지아파트,(101∼117동),12775
701-733,대구,동구,율하동 안심주공아파트4단지,(401∼406동),12776
701-762,대구,동구,율하동 율하뜨란채아파트,(201∼211동),12777
701-785,대구,동구,율하동 율하휴먼시아5단지아파트,(501∼512동),12778
701-786,대구,동구,율하동 율하휴먼시아6단지아파트,(601∼612동),12779
701-787,대구,동구,율하동 율하휴먼시아7단지아파트,(701∼713동),12780
701-900,대구,동구,율하동 율하휴먼시아8단지아파트,(801∼807동),12781
701-705,대구,동구,율하동 율하휴먼시아9단지아파트,(901∼910동),12782
701-797,대구,동구,율하동 율하휴먼시아10단지아파트,(1001∼1016동),12783
701-798,대구,동구,율하동 율하휴먼시아11단지아파트,(1101∼1112동),12784
701-901,대구,동구,율하동 율하휴먼시아12단지아파트,(1201∼1210동),12785
701-792,대구,동구,율하동 율하휴먼시아15단지아파트,(1501∼1506동),12786
701-836,대구,동구,율하동,1∼299,12787
701-837,대구,동구,율하동,300∼950,12788
701-847,대구,동구,율하동,951∼1050,12789
701-847,대구,동구,율하동,1051∼1642,12790
701-220,대구,동구,율하동,,12791
701-700,대구,동구,입석동 경북지방우정청,,12792
701-700,대구,동구,입석동 동대구우체국,,12793
701-863,대구,동구,입석동,1∼400,12794
701-864,대구,동구,입석동,401∼870,12795
701-865,대구,동구,입석동,871∼929,12796
701-866,대구,동구,입석동,930∼1038,12797
701-050,대구,동구,입석동,,12798
701-500,대구,동구,중대동,,12799
701-739,대구,동구,지묘동 왕산우방아파트,,12800
701-734,대구,동구,지묘동 태왕그린힐즈아파트,,12801
701-771,대구,동구,지묘동 팔공보성1차아파트,,12802
701-746,대구,동구,지묘동 팔공보성2차아파트,,12803
701-747,대구,동구,지묘동 팔공보성3차아파트,,12804
701-740,대구,동구,지묘동 화성명산아파트,,12805
701-741,대구,동구,지묘동 화성빌라트,,12806
701-838,대구,동구,지묘동,1∼214,12807
701-839,대구,동구,지묘동,215∼505,12808
701-838,대구,동구,지묘동,506∼1250,12809
701-480,대구,동구,지묘동,,12810
701-774,대구,동구,지저동 강산아파트,,12811
701-774,대구,동구,지저동 제림햇빛촌아파트,,12812
701-774,대구,동구,지저동 팔공아파트,,12813
701-850,대구,동구,지저동,1∼649,12814
701-851,대구,동구,지저동,650∼655,12815
701-852,대구,동구,지저동,656∼667,12816
701-853,대구,동구,지저동,668∼783,12817
701-854,대구,동구,지저동,784∼930,12818
701-110,대구,동구,지저동,,12819
701-420,대구,동구,진인동,,12820
701-190,대구,동구,평광동,,12821
701-783,대구,동구,효목1동 강나루타운,,12822
701-775,대구,동구,효목1동 진로이스트타운,,12823
701-840,대구,동구,효목1동,1∼43,12824
701-841,대구,동구,효목1동,44∼81,12825
701-840,대구,동구,효목1동,82∼120,12826
701-841,대구,동구,효목1동,121∼129,12827
701-840,대구,동구,효목1동,130∼143,12828
701-841,대구,동구,효목1동,144∼159,12829
701-842,대구,동구,효목1동,160∼165,12830
701-843,대구,동구,효목1동,166∼193,12831
701-842,대구,동구,효목1동,194∼196,12832
701-843,대구,동구,효목1동,197∼272,12833
701-843,대구,동구,효목1동,648∼955,12834
701-841,대구,동구,효목1동,956∼962,12835
701-843,대구,동구,효목1동,963∼1300,12836
701-031,대구,동구,효목1동,,12837
701-735,대구,동구,효목2동 KT효목사옥,,12838
701-776,대구,동구,효목2동 태왕메트로시티아파트,,12839
701-844,대구,동구,효목2동,273∼381,12840
701-845,대구,동구,효목2동,382∼434,12841
701-844,대구,동구,효목2동,435∼460,12842
701-846,대구,동구,효목2동,461∼469,12843
701-844,대구,동구,효목2동,470∼486,12844
701-845,대구,동구,효목2동,487∼531,12845
701-846,대구,동구,효목2동,532∼647,12846
701-032,대구,동구,효목2동,,12847
701-030,대구,동구,효목동,,12848
701-600,대구,동구,동대구우체국사서함,,12849
702-751,대구,북구,검단동 민들레아파트,,12850
702-752,대구,북구,검단동 유성아파트,,12851
702-800,대구,북구,검단동,1∼500,12852
702-801,대구,북구,검단동,501∼599,12853
702-800,대구,북구,검단동,600∼1429,12854
702-801,대구,북구,검단동,1430∼1511,12855
702-030,대구,북구,검단동,,12856
702-071,대구,북구,고성동1가,,12857
702-753,대구,북구,고성동2가 고성아파트,,12858
702-072,대구,북구,고성동2가,,12859
702-704,대구,북구,고성동3가 KT북대구지사,,12860
702-073,대구,북구,고성동3가,,12861
702-707,대구,북구,관음동 대구지방노동청대구북부지청,,12862
702-718,대구,북구,관음동 동화훼미리타운,,12863
702-754,대구,북구,관음동 성창아파트,,12864
702-720,대구,북구,관음동 칠곡동화타운,,12865
702-754,대구,북구,관음동 한라아파트,,12866
702-754,대구,북구,관음동 한신아파트,,12867
702-755,대구,북구,관음동 한양수정아파트,,12868
702-802,대구,북구,관음동,1∼469,12869
702-803,대구,북구,관음동,470∼600,12870
702-804,대구,북구,관음동,601∼1232,12871
702-802,대구,북구,관음동,1233∼1319,12872
702-804,대구,북구,관음동,1320∼1328,12873
702-802,대구,북구,관음동,1329,12874
702-803,대구,북구,관음동,1330∼1500,12875
702-240,대구,북구,관음동,,12876
702-756,대구,북구,구암동 금빛아파트,,12877
702-757,대구,북구,구암동 동서영남아파트,,12878
702-756,대구,북구,구암동 미래아파트,,12879
702-719,대구,북구,구암동 부영아파트5단지,(501∼508동),12880
702-724,대구,북구,구암동 부영아파트6단지,(601∼606동),12881
702-725,대구,북구,구암동 부영아파트7단지,(701∼708동),12882
702-280,대구,북구,구암동 북대구우체국,,12883
702-756,대구,북구,구암동 서한3차타운,,12884
702-795,대구,북구,구암동 주공그린빌아파트,(201∼208동),12885
702-796,대구,북구,구암동 주공그린빌아파트,(301∼315동),12886
702-795,대구,북구,구암동 주공그린빌아파트,(401∼412동),12887
702-757,대구,북구,구암동 청구아파트,,12888
702-794,대구,북구,구암동 칠곡2차동서타운,,12889
702-960,대구,북구,구암동 칠곡3단지부영아파트,(301∼307동),12890
702-757,대구,북구,구암동 한라타운,,12891
702-726,대구,북구,구암동 화성그랜드파크아파트,,12892
702-805,대구,북구,구암동,1∼104,12893
702-806,대구,북구,구암동,105∼500,12894
702-807,대구,북구,구암동,501∼647,12895
702-808,대구,북구,구암동,648∼672,12896
702-807,대구,북구,구암동,673∼686,12897
702-808,대구,북구,구암동,687∼693,12898
702-807,대구,북구,구암동,694∼800,12899
702-806,대구,북구,구암동,801,12900
702-805,대구,북구,구암동,802∼900,12901
702-280,대구,북구,구암동,,12902
702-727,대구,북구,국우동 그린빌아파트,(101∼109동),12903
702-728,대구,북구,국우동 그린빌아파트,(501∼507동),12904
702-729,대구,북구,국우동 그린빌아파트,(601∼610동),12905
702-730,대구,북구,국우동 부영아파트1단지,(101∼106동),12906
702-731,대구,북구,국우동 현대아파트,,12907
702-874,대구,북구,국우동,1∼200,12908
702-875,대구,북구,국우동,201∼700,12909
702-876,대구,북구,국우동,701∼1000,12910
702-877,대구,북구,국우동,1001∼1200,12911
702-220,대구,북구,국우동,,12912
702-300,대구,북구,금호동,,12913
702-090,대구,북구,노곡동,,12914
702-809,대구,북구,노원동1가,1∼21,12915
702-810,대구,북구,노원동1가,22∼91,12916
702-809,대구,북구,노원동1가,92∼152,12917
702-810,대구,북구,노원동1가,153∼178,12918
702-809,대구,북구,노원동1가,179∼300,12919
702-081,대구,북구,노원동1가,,12920
702-811,대구,북구,노원동2가,1∼176,12921
702-812,대구,북구,노원동2가,177∼178,12922
702-811,대구,북구,노원동2가,179∼180,12923
702-812,대구,북구,노원동2가,181∼182,12924
702-811,대구,북구,노원동2가,183∼189,12925
702-812,대구,북구,노원동2가,190∼400,12926
702-082,대구,북구,노원동2가,,12927
702-813,대구,북구,노원동3가,1∼24,12928
702-814,대구,북구,노원동3가,25∼50,12929
702-815,대구,북구,노원동3가,51∼61,12930
702-813,대구,북구,노원동3가,62∼71,12931
702-814,대구,북구,노원동3가,72∼185,12932
702-815,대구,북구,노원동3가,186∼442,12933
702-816,대구,북구,노원동3가,443∼505,12934
702-817,대구,북구,노원동3가,506∼508,12935
702-816,대구,북구,노원동3가,509∼515,12936
702-817,대구,북구,노원동3가,516∼626,12937
702-816,대구,북구,노원동3가,627∼781,12938
702-813,대구,북구,노원동3가,782∼869,12939
702-816,대구,북구,노원동3가,870∼880,12940
702-813,대구,북구,노원동3가,881∼1037,12941
702-814,대구,북구,노원동3가,1038∼1107,12942
702-818,대구,북구,노원동3가,1108∼1202,12943
702-814,대구,북구,노원동3가,1203∼1500,12944
702-083,대구,북구,노원동3가,,12945
702-747,대구,북구,대현동 농협경북지역본부,,12946
702-918,대구,북구,대현동 대현e-편한세상아파트,(101∼108동),12947
702-732,대구,북구,대현동 대현뜨란채아파트,(101∼109동),12948
702-819,대구,북구,대현동,1∼155,12949
702-820,대구,북구,대현동,156∼197,12950
702-819,대구,북구,대현동,198∼208,12951
702-820,대구,북구,대현동,209∼210,12952
702-819,대구,북구,대현동,211∼221,12953
702-820,대구,북구,대현동,222∼269,12954
702-821,대구,북구,대현동,270∼281,12955
702-822,대구,북구,대현동,282∼389,12956
702-821,대구,북구,대현동,390∼393,12957
702-823,대구,북구,대현동,394∼401,12958
702-824,대구,북구,대현동,402∼409,12959
702-823,대구,북구,대현동,410∼489,12960
702-822,대구,북구,대현동,490∼600,12961
702-040,대구,북구,대현동,,12962
702-230,대구,북구,도남동,,12963
702-734,대구,북구,동변동 U대회선수촌1단지,(101∼110동),12964
702-735,대구,북구,동변동 U대회선수촌2단지,(201∼214동),12965
702-733,대구,북구,동변동 주공그린빌아파트,(801∼814동),12966
702-881,대구,북구,동변동,1∼500,12967
702-882,대구,북구,동변동,501∼1000,12968
702-120,대구,북구,동변동,,12969
702-736,대구,북구,동천동 동화골든빌아파트,,12970
702-758,대구,북구,동천동 보성서한타운,,12971
702-737,대구,북구,동천동 부영e그린타운,(201∼209동),12972
702-759,대구,북구,동천동 영남2차타운,,12973
702-961,대구,북구,동천동 칠곡네스빌아파트,(101∼105동),12974
702-739,대구,북구,동천동 칠곡영남네오빌아파트,,12975
702-760,대구,북구,동천동 화성2차아파트,(101∼104동),12976
702-797,대구,북구,동천동 화성3차아파트,(101∼108동),12977
702-738,대구,북구,동천동 화성센트럴파크아파트,,12978
702-885,대구,북구,동천동,1∼900,12979
702-886,대구,북구,동천동,901∼1000,12980
702-250,대구,북구,동천동,,12981
702-708,대구,북구,동호동 경상북도농업기술원,,12982
702-320,대구,북구,동호동,,12983
702-964,대구,북구,매천동 대구매천휴먼시아2아파트,(201∼212동),12984
702-964,대구,북구,매천동 매천화성파크드림아파트,(101∼107동),12985
702-963,대구,북구,매천동 청구장미마을아파트,(101∼106동),12986
702-825,대구,북구,매천동,1∼594,12987
702-826,대구,북구,매천동,595∼700,12988
702-270,대구,북구,매천동,,12989
702-831,대구,북구,복현1동,396,12990
702-831,대구,북구,복현1동,400∼430,12991
702-832,대구,북구,복현1동,431∼533,12992
702-832,대구,북구,복현1동,541∼700,12993
702-021,대구,북구,복현1동,,12994
702-763,대구,북구,복현2동 81복현시영아파트,(1∼10동),12995
702-766,대구,북구,복현2동 82.83복현시영아파트,(11∼22동),12996
702-761,대구,북구,복현2동 광명아파트,,12997
702-762,대구,북구,복현2동 대백아파트,,12998
702-762,대구,북구,복현2동 보성아파트,,12999
702-700,대구,북구,복현2동 복현2차서한타운아파트,(101∼110동),13000
702-919,대구,북구,복현2동 복현건영아파트,(101∼105동),13001
702-749,대구,북구,복현2동 복현블루밍브라운스톤명문세가1단지아파트,(101∼107동),13002
702-749,대구,북구,복현2동 복현블루밍브라운스톤명문세가2단지아파트,(201∼208동),13003
702-765,대구,북구,복현2동 복현주공2단지,(201∼210동),13004
702-919,대구,북구,복현2동 복현화성타운,(101∼105동),13005
702-762,대구,북구,복현2동 서한1차아파트,,13006
702-709,대구,북구,복현2동 성화여자고등학교,,13007
702-709,대구,북구,복현2동 성화여자중학교,,13008
702-721,대구,북구,복현2동 영진전문대학,,13009
702-762,대구,북구,복현2동 청구아파트,,13010
702-917,대구,북구,복현2동 태왕아너스복현아파트,,13011
702-827,대구,북구,복현2동,1∼199,13012
702-828,대구,북구,복현2동,200∼209,13013
702-829,대구,북구,복현2동,210∼244,13014
702-830,대구,북구,복현2동,245∼259,13015
702-829,대구,북구,복현2동,260∼299,13016
702-830,대구,북구,복현2동,300∼319,13017
702-829,대구,북구,복현2동,320∼329,13018
702-828,대구,북구,복현2동,330∼340,13019
702-830,대구,북구,복현2동,341∼395,13020
702-830,대구,북구,복현2동,397∼399,13021
702-833,대구,북구,복현2동,534∼540,13022
702-833,대구,북구,복현2동,산21∼100,13023
702-022,대구,북구,복현2동,,13024
702-020,대구,북구,복현동,,13025
702-310,대구,북구,사수동,,13026
702-767,대구,북구,산격1동 주공아파트,,13027
702-873,대구,북구,산격1동,506,13028
702-873,대구,북구,산격1동,515∼517,13029
702-838,대구,북구,산격1동,525∼529,13030
702-873,대구,북구,산격1동,530∼559,13031
702-873,대구,북구,산격1동,563∼568,13032
702-873,대구,북구,산격1동,652∼661,13033
702-846,대구,북구,산격1동,740,13034
702-846,대구,북구,산격1동,741-(3),13035
702-846,대구,북구,산격1동,741-(8∼11),13036
702-846,대구,북구,산격1동,741-(13∼32),13037
702-846,대구,북구,산격1동,742∼754,13038
702-846,대구,북구,산격1동,759∼899,13039
702-838,대구,북구,산격1동,900∼1116,13040
702-873,대구,북구,산격1동,1117∼1118,13041
702-838,대구,북구,산격1동,1119,13042
702-873,대구,북구,산격1동,1120∼1160,13043
702-838,대구,북구,산격1동,1161∼1183,13044
702-838,대구,북구,산격1동,1184-(5),13045
702-838,대구,북구,산격1동,1184-(9),13046
702-838,대구,북구,산격1동,1184-(16),13047
702-846,대구,북구,산격1동,1519-(10∼14),13048
702-838,대구,북구,산격1동,산79-(1),13049
702-011,대구,북구,산격1동,,13050
702-768,대구,북구,산격2동 거평아파트,,13051
702-003,대구,북구,산격2동 대구우편집중국,,13052
702-712,대구,북구,산격2동 대구전시컨벤션센터,,13053
702-769,대구,북구,산격2동 대우아파트,,13054
702-715,대구,북구,산격2동 섬유제품관,,13055
702-770,대구,북구,산격2동 양우내안애아파트,(101∼103동),13056
702-771,대구,북구,산격2동 에덴1차아파트,,13057
702-771,대구,북구,산격2동 에덴2차아파트,,13058
702-771,대구,북구,산격2동 에덴3차아파트,,13059
702-771,대구,북구,산격2동 에덴4차아파트,,13060
702-710,대구,북구,산격2동 유통단지산업용재관,,13061
702-711,대구,북구,산격2동 유통단지전자관,,13062
702-716,대구,북구,산격2동 일반의류관,,13063
702-717,대구,북구,산격2동 전기재료관,,13064
702-915,대구,북구,산격2동 전자상가,,13065
702-834,대구,북구,산격2동,1∼100,13066
702-835,대구,북구,산격2동,101∼299,13067
702-834,대구,북구,산격2동,300∼350,13068
702-835,대구,북구,산격2동,351∼500,13069
702-836,대구,북구,산격2동,501∼504,13070
702-837,대구,북구,산격2동,505,13071
702-837,대구,북구,산격2동,507∼514,13072
702-835,대구,북구,산격2동,560∼562,13073
702-835,대구,북구,산격2동,569∼651,13074
702-835,대구,북구,산격2동,662∼739,13075
702-835,대구,북구,산격2동,741-(1),13076
702-835,대구,북구,산격2동,741-(33∼38),13077
702-835,대구,북구,산격2동,755∼758,13078
702-837,대구,북구,산격2동,1269∼1274,13079
702-837,대구,북구,산격2동,1289-(1),13080
702-837,대구,북구,산격2동,1289-(3∼4),13081
702-837,대구,북구,산격2동,1289-(41),13082
702-834,대구,북구,산격2동,1477,13083
702-834,대구,북구,산격2동,1503∼1519,13084
702-845,대구,북구,산격2동,1520∼1628,13085
702-835,대구,북구,산격2동,1629∼1630,13086
702-845,대구,북구,산격2동,1631∼1840,13087
702-845,대구,북구,산격2동,산2∼3,13088
702-845,대구,북구,산격2동,산23,13089
702-012,대구,북구,산격2동,,13090
702-701,대구,북구,산격3동 경북대학교,,13091
702-840,대구,북구,산격3동,1229∼1231,13092
702-841,대구,북구,산격3동,1232∼1241,13093
702-840,대구,북구,산격3동,1242∼1249,13094
702-841,대구,북구,산격3동,1250∼1268,13095
702-840,대구,북구,산격3동,1275∼1279,13096
702-841,대구,북구,산격3동,1280∼1288,13097
702-841,대구,북구,산격3동,1289-(2),13098
702-841,대구,북구,산격3동,1289-(26),13099
702-841,대구,북구,산격3동,1289-(33),13100
702-841,대구,북구,산격3동,1289-(39),13101
702-841,대구,북구,산격3동,1290∼1299,13102
702-842,대구,북구,산격3동,1300∼1375,13103
702-842,대구,북구,산격3동,1393,13104
702-842,대구,북구,산격3동,1397,13105
702-842,대구,북구,산격3동,1399∼1400,13106
702-842,대구,북구,산격3동,1405∼1408,13107
702-844,대구,북구,산격3동,1409∼1421,13108
702-013,대구,북구,산격3동,,13109
702-702,대구,북구,산격4동 경북지방경찰청,,13110
702-702,대구,북구,산격4동 경상북도교육위원회,,13111
702-702,대구,북구,산격4동 경상북도교육청,,13112
702-702,대구,북구,산격4동 경상북도청,,13113
702-843,대구,북구,산격4동,523∼524,13114
702-839,대구,북구,산격4동,1184-(1∼3),13115
702-839,대구,북구,산격4동,1184-(7∼8),13116
702-839,대구,북구,산격4동,1184-(10∼14),13117
702-839,대구,북구,산격4동,1185∼1186,13118
702-869,대구,북구,산격4동,1187∼1228,13119
702-843,대구,북구,산격4동,1376∼1392,13120
702-843,대구,북구,산격4동,1394∼1396,13121
702-843,대구,북구,산격4동,1398,13122
702-843,대구,북구,산격4동,1401∼1404,13123
702-839,대구,북구,산격4동,1422∼1440,13124
702-843,대구,북구,산격4동,1441∼1445,13125
702-839,대구,북구,산격4동,1446∼1476,13126
702-839,대구,북구,산격4동,1478∼1497,13127
702-843,대구,북구,산격4동,1498∼1502,13128
702-014,대구,북구,산격4동,,13129
702-010,대구,북구,산격동,,13130
702-743,대구,북구,서변동 동서리치모아아파트,,13131
702-913,대구,북구,서변동 동서변리벤빌아파트,(101∼107동),13132
702-798,대구,북구,서변동 동서변월드메르디앙아파트,(701∼710동),13133
702-740,대구,북구,서변동 서변청아람아파트,(101∼107동),13134
702-742,대구,북구,서변동 영남네오빌블루아파트,(101∼109동),13135
702-741,대구,북구,서변동 화성리버파크1단지,(101∼207동),13136
702-741,대구,북구,서변동 화성리버파크2단지,(101∼207동),13137
702-891,대구,북구,서변동,1∼500,13138
702-892,대구,북구,서변동,501∼1000,13139
702-893,대구,북구,서변동,1001∼1500,13140
702-894,대구,북구,서변동,1501∼1800,13141
702-110,대구,북구,서변동,,13142
702-130,대구,북구,연경동,,13143
702-789,대구,북구,읍내동 SD아이프라임강북아파트,(101∼106동),13144
702-744,대구,북구,읍내동 목련아파트,,13145
702-772,대구,북구,읍내동 보성3차아파트,,13146
702-905,대구,북구,읍내동 칠곡e-편한세상아파트,(101∼108동),13147
702-774,대구,북구,읍내동 칠곡럭키아파트,(101∼104동),13148
702-773,대구,북구,읍내동 한서아파트,,13149
702-774,대구,북구,읍내동 한양산호아파트,,13150
702-775,대구,북구,읍내동 한양코스모스아파트,,13151
702-847,대구,북구,읍내동,1∼241,13152
702-848,대구,북구,읍내동,242∼310,13153
702-847,대구,북구,읍내동,311∼521,13154
702-848,대구,북구,읍내동,522∼781,13155
702-849,대구,북구,읍내동,782∼795,13156
702-847,대구,북구,읍내동,796∼887,13157
702-849,대구,북구,읍내동,888∼959,13158
702-850,대구,북구,읍내동,960∼1090,13159
702-849,대구,북구,읍내동,1091∼1205,13160
702-848,대구,북구,읍내동,1206∼1233,13161
702-847,대구,북구,읍내동,1234∼1275,13162
702-848,대구,북구,읍내동,1276∼1320,13163
702-849,대구,북구,읍내동,1321∼1351-(1),13164
702-850,대구,북구,읍내동,1351-(2)∼1500,13165
702-200,대구,북구,읍내동,,13166
702-100,대구,북구,조야동,,13167
702-061,대구,북구,칠성동1가,,13168
702-746,대구,북구,칠성동2가 롯데백화점,,13169
702-776,대구,북구,칠성동2가 삼성아파트,(101∼107동),13170
702-777,대구,북구,칠성동2가 성광우방타운,(101∼110동),13171
702-764,대구,북구,칠성동2가 칠성휴먼시아아파트,(101∼113동),13172
702-748,대구,북구,칠성동2가 침산1차푸르지오아파트,,13173
702-851,대구,북구,칠성동2가,1∼204,13174
702-852,대구,북구,칠성동2가,205∼249,13175
702-851,대구,북구,칠성동2가,250∼299,13176
702-852,대구,북구,칠성동2가,300∼344,13177
702-851,대구,북구,칠성동2가,345∼347,13178
702-853,대구,북구,칠성동2가,348∼418,13179
702-852,대구,북구,칠성동2가,419∼549,13180
702-854,대구,북구,칠성동2가,550∼700,13181
702-062,대구,북구,칠성동2가,,13182
702-872,대구,북구,침산1동,648,13183
702-872,대구,북구,침산1동,664∼666,13184
702-872,대구,북구,침산1동,684∼800,13185
702-862,대구,북구,침산1동,801∼820,13186
702-872,대구,북구,침산1동,821∼823,13187
702-862,대구,북구,침산1동,824∼831,13188
702-872,대구,북구,침산1동,832∼1011,13189
702-862,대구,북구,침산1동,1012∼1195,13190
702-859,대구,북구,침산1동,1196∼1199,13191
702-862,대구,북구,침산1동,1200∼1236,13192
702-859,대구,북구,침산1동,1237∼1319,13193
702-862,대구,북구,침산1동,1320∼1321,13194
702-859,대구,북구,침산1동,1322∼1662,13195
702-859,대구,북구,침산1동,1664∼1800,13196
702-051,대구,북구,침산1동,,13197
702-703,대구,북구,침산2동 기독교대구방송국,,13198
702-916,대구,북구,침산2동 롯데캐슬오페라아파트,(101∼108동),13199
702-778,대구,북구,침산2동 옥석타운,,13200
702-750,대구,북구,침산2동 코오롱하늘채아파트,(101∼213동),13201
702-779,대구,북구,침산2동 화성1차아파트,,13202
702-779,대구,북구,침산2동 화성2차아파트,,13203
702-855,대구,북구,침산2동,1∼115,13204
702-856,대구,북구,침산2동,116∼150,13205
702-855,대구,북구,침산2동,151∼197,13206
702-856,대구,북구,침산2동,198∼229,13207
702-856,대구,북구,침산2동,240∼251,13208
702-856,대구,북구,침산2동,261∼267,13209
702-856,대구,북구,침산2동,270∼335,13210
702-856,대구,북구,침산2동,338∼339,13211
702-052,대구,북구,침산2동,,13212
702-706,대구,북구,침산3동 대구북부경찰서,,13213
702-780,대구,북구,침산3동 동아무지개아파트,,13214
702-914,대구,북구,침산3동 명성푸르지오아파트,(101∼105동),13215
702-705,대구,북구,침산3동 북구청,,13216
702-781,대구,북구,침산3동 쌍용아파트,,13217
702-713,대구,북구,침산3동 연우빌딩,,13218
702-782,대구,북구,침산3동 청구1차아파트,,13219
702-782,대구,북구,침산3동 침산2지구아파트,,13220
702-782,대구,북구,침산3동 침산2차청구타운,(201∼202동),13221
702-783,대구,북구,침산3동 현대아파트,,13222
702-857,대구,북구,침산3동,230∼239,13223
702-857,대구,북구,침산3동,252∼260,13224
702-857,대구,북구,침산3동,268∼269,13225
702-858,대구,북구,침산3동,336∼337,13226
702-858,대구,북구,침산3동,340∼350,13227
702-870,대구,북구,침산3동,351∼365,13228
702-857,대구,북구,침산3동,366∼430,13229
702-871,대구,북구,침산3동,431∼440,13230
702-857,대구,북구,침산3동,441∼451,13231
702-860,대구,북구,침산3동,452∼453,13232
702-871,대구,북구,침산3동,454∼456,13233
702-860,대구,북구,침산3동,457∼472,13234
702-870,대구,북구,침산3동,473∼475,13235
702-858,대구,북구,침산3동,476∼484,13236
702-860,대구,북구,침산3동,485∼497,13237
702-858,대구,북구,침산3동,498∼503,13238
702-860,대구,북구,침산3동,504∼505,13239
702-858,대구,북구,침산3동,506∼565,13240
702-860,대구,북구,침산3동,566∼577,13241
702-858,대구,북구,침산3동,578∼606,13242
702-861,대구,북구,침산3동,607∼609,13243
702-858,대구,북구,침산3동,610∼644,13244
702-861,대구,북구,침산3동,645∼647,13245
702-858,대구,북구,침산3동,649∼663,13246
702-858,대구,북구,침산3동,667∼683,13247
702-860,대구,북구,침산3동,1663,13248
702-053,대구,북구,침산3동,,13249
702-050,대구,북구,침산동,,13250
702-785,대구,북구,태전1동 관음타운,,13251
702-723,대구,북구,태전1동 대구과학대학,,13252
702-722,대구,북구,태전1동 대구보건대학,,13253
702-784,대구,북구,태전1동 대백1차아파트,,13254
702-784,대구,북구,태전1동 대백2차아파트,,13255
702-785,대구,북구,태전1동 롯데아파트,,13256
702-788,대구,북구,태전1동 우방1차아파트,,13257
702-788,대구,북구,태전1동 우방2차아파트,,13258
702-785,대구,북구,태전1동 한신2차아파트,,13259
702-791,대구,북구,태전1동 한일아파트,(101∼108동),13260
702-788,대구,북구,태전1동 협화아파트,,13261
702-863,대구,북구,태전1동,1∼219,13262
702-864,대구,북구,태전1동,220∼253,13263
702-863,대구,북구,태전1동,254∼343,13264
702-864,대구,북구,태전1동,344∼419,13265
702-867,대구,북구,태전1동,640∼650,13266
702-867,대구,북구,태전1동,681∼685,13267
702-868,대구,북구,태전1동,900∼989,13268
702-868,대구,북구,태전1동,1060∼1068,13269
702-261,대구,북구,태전1동,,13270
702-714,대구,북구,태전2동 네오시티프라자,,13271
702-966,대구,북구,태전2동 대구태전휴먼시아1단지아파트,,13272
702-786,대구,북구,태전2동 삼성아파트,,13273
702-787,대구,북구,태전2동 에덴타운,,13274
702-786,대구,북구,태전2동 우방미진아파트,,13275
702-790,대구,북구,태전2동 중석타운,,13276
702-792,대구,북구,태전2동 현대1차아파트,,13277
702-865,대구,북구,태전2동,420∼620,13278
702-866,대구,북구,태전2동,621∼639,13279
702-865,대구,북구,태전2동,651∼680,13280
702-865,대구,북구,태전2동,686∼876,13281
702-878,대구,북구,태전2동,877∼899,13282
702-866,대구,북구,태전2동,990∼1059,13283
702-866,대구,북구,태전2동,1069∼1200,13284
702-262,대구,북구,태전2동,,13285
702-260,대구,북구,태전동,,13286
702-745,대구,북구,팔달동 대백인터빌아파트,,13287
702-793,대구,북구,팔달동 두산위브2001아파트,,13288
702-901,대구,북구,팔달동,1∼100,13289
702-902,대구,북구,팔달동,101∼200,13290
702-903,대구,북구,팔달동,201∼500,13291
702-904,대구,북구,팔달동,501∼600,13292
702-290,대구,북구,팔달동,,13293
702-799,대구,북구,학정동 사서함,79,13294
702-962,대구,북구,학정동 칠곡한라하우젠트아파트,(101∼204동),13295
702-965,대구,북구,학정동 학정청아람아파트,(101∼108동),13296
702-911,대구,북구,학정동,1∼900,13297
702-912,대구,북구,학정동,901∼1000,13298
702-210,대구,북구,학정동,,13299
702-600,대구,북구,북대구우체국사서함,,13300
703-781,대구,서구,내당1동 내당시영아파트,,13301
703-754,대구,서구,내당1동 황제맨션,,13302
703-800,대구,서구,내당1동,8∼20,13303
703-801,대구,서구,내당1동,21∼51,13304
703-802,대구,서구,내당1동,60∼74,13305
703-802,대구,서구,내당1동,76∼150,13306
703-801,대구,서구,내당1동,151∼202,13307
703-802,대구,서구,내당1동,203∼238,13308
703-801,대구,서구,내당1동,239∼244,13309
703-800,대구,서구,내당1동,1295-(10),13310
703-061,대구,서구,내당1동,,13311
703-807,대구,서구,내당2.3동,1∼7,13312
703-807,대구,서구,내당2.3동,52∼59,13313
703-807,대구,서구,내당2.3동,75,13314
703-806,대구,서구,내당2.3동,470∼905,13315
703-807,대구,서구,내당2.3동,906∼940,13316
703-808,대구,서구,내당2.3동,941∼964,13317
703-806,대구,서구,내당2.3동,965∼969,13318
703-808,대구,서구,내당2.3동,970∼977,13319
703-806,대구,서구,내당2.3동,978∼984,13320
703-808,대구,서구,내당2.3동,985∼1070,13321
703-806,대구,서구,내당2.3동,1071∼1105,13322
703-806,대구,서구,내당2.3동,2038∼2343,13323
703-062,대구,서구,내당2.3동,,13324
703-751,대구,서구,내당4동 광장타운아파트,,13325
703-753,대구,서구,내당4동 내당삼익맨션,,13326
703-752,대구,서구,내당4동 삼익뉴타운아파트,,13327
703-803,대구,서구,내당4동,245∼249,13328
703-804,대구,서구,내당4동,250∼338,13329
703-805,대구,서구,내당4동,339∼349,13330
703-804,대구,서구,내당4동,350∼356,13331
703-805,대구,서구,내당4동,357∼464,13332
703-804,대구,서구,내당4동,465∼469,13333
703-805,대구,서구,내당4동,1306∼1330,13334
703-064,대구,서구,내당4동,,13335
703-060,대구,서구,내당동,,13336
703-810,대구,서구,비산1동,47∼53,13337
703-810,대구,서구,비산1동,556∼559,13338
703-810,대구,서구,비산1동,562,13339
703-810,대구,서구,비산1동,564,13340
703-810,대구,서구,비산1동,567∼574,13341
703-817,대구,서구,비산1동,575∼749,13342
703-818,대구,서구,비산1동,750∼828,13343
703-818,대구,서구,비산1동,2110,13344
703-041,대구,서구,비산1동,,13345
703-809,대구,서구,비산2.3동,1∼45,13346
703-811,대구,서구,비산2.3동,46,13347
703-809,대구,서구,비산2.3동,54∼62,13348
703-811,대구,서구,비산2.3동,63∼136,13349
703-812,대구,서구,비산2.3동,137∼158,13350
703-812,대구,서구,비산2.3동,238∼240,13351
703-812,대구,서구,비산2.3동,389∼434,13352
703-811,대구,서구,비산2.3동,500∼509,13353
703-811,대구,서구,비산2.3동,530∼537,13354
703-811,대구,서구,비산2.3동,550∼552,13355
703-809,대구,서구,비산2.3동,2100∼2109,13356
703-809,대구,서구,비산2.3동,2111∼2918,13357
703-042,대구,서구,비산2.3동,,13358
703-813,대구,서구,비산4동,159∼237,13359
703-814,대구,서구,비산4동,241∼339,13360
703-044,대구,서구,비산4동,,13361
703-755,대구,서구,비산5동 만평아파트,,13362
703-853,대구,서구,비산5동,977∼992,13363
703-821,대구,서구,비산5동,999∼1010,13364
703-822,대구,서구,비산5동,1011,13365
703-821,대구,서구,비산5동,1012∼1089,13366
703-823,대구,서구,비산5동,1090∼1198,13367
703-821,대구,서구,비산5동,1199∼1239,13368
703-821,대구,서구,비산5동,2096∼2097,13369
703-821,대구,서구,비산5동,2230,13370
703-045,대구,서구,비산5동,,13371
703-815,대구,서구,비산6동,340∼388,13372
703-815,대구,서구,비산6동,435∼496,13373
703-816,대구,서구,비산6동,497∼499,13374
703-816,대구,서구,비산6동,510∼529,13375
703-816,대구,서구,비산6동,538∼549,13376
703-816,대구,서구,비산6동,553∼555,13377
703-816,대구,서구,비산6동,560∼561,13378
703-816,대구,서구,비산6동,563,13379
703-816,대구,서구,비산6동,565∼566,13380
703-046,대구,서구,비산6동,,13381
703-819,대구,서구,비산7동,829∼919,13382
703-820,대구,서구,비산7동,920∼976,13383
703-820,대구,서구,비산7동,993∼998,13384
703-820,대구,서구,비산7동,1240∼1279,13385
703-819,대구,서구,비산7동,1280∼1299,13386
703-824,대구,서구,비산7동,1300∼1305,13387
703-819,대구,서구,비산7동,1306∼1334,13388
703-824,대구,서구,비산7동,1335∼1339,13389
703-819,대구,서구,비산7동,1340∼1399,13390
703-824,대구,서구,비산7동,1400∼1695,13391
703-825,대구,서구,비산7동,1696∼1808,13392
703-824,대구,서구,비산7동,1809∼1890,13393
703-825,대구,서구,비산7동,1891∼2095,13394
703-825,대구,서구,비산7동,2098∼2099,13395
703-825,대구,서구,비산7동,2919∼4000,13396
703-047,대구,서구,비산7동,,13397
703-040,대구,서구,비산동,,13398
703-100,대구,서구,상리동,,13399
703-031,대구,서구,원대동1가,,13400
703-826,대구,서구,원대동2가,1∼118,13401
703-827,대구,서구,원대동2가,119∼175,13402
703-826,대구,서구,원대동2가,176∼186,13403
703-032,대구,서구,원대동2가,,13404
703-828,대구,서구,원대동3가,1∼1309,13405
703-851,대구,서구,원대동3가,1310∼1442,13406
703-828,대구,서구,원대동3가,1443∼1610,13407
703-033,대구,서구,원대동3가,,13408
703-829,대구,서구,이현동,1∼40,13409
703-830,대구,서구,이현동,41∼150,13410
703-829,대구,서구,이현동,151∼1000,13411
703-110,대구,서구,이현동,,13412
703-713,대구,서구,중리동 대구의료원,,13413
703-700,대구,서구,중리동 중리롯데캐슬아파트,(101∼121동),13414
703-756,대구,서구,중리동 청구꽃동네아파트,,13415
703-712,대구,서구,중리동 한국섬유개발연구원,,13416
703-831,대구,서구,중리동,1∼119,13417
703-832,대구,서구,중리동,120∼499,13418
703-833,대구,서구,중리동,500∼699,13419
703-832,대구,서구,중리동,700∼716,13420
703-833,대구,서구,중리동,717∼1081,13421
703-832,대구,서구,중리동,1082∼1103,13422
703-833,대구,서구,중리동,1104∼1135,13423
703-832,대구,서구,중리동,1136∼1139,13424
703-833,대구,서구,중리동,1140∼1186,13425
703-090,대구,서구,중리동,,13426
703-838,대구,서구,평리1동,651∼662,13427
703-842,대구,서구,평리1동,708∼710,13428
703-838,대구,서구,평리1동,711∼716,13429
703-838,대구,서구,평리1동,731∼790,13430
703-842,대구,서구,평리1동,791∼864,13431
703-842,대구,서구,평리1동,869,13432
703-842,대구,서구,평리1동,879∼880,13433
703-842,대구,서구,평리1동,882,13434
703-842,대구,서구,평리1동,884∼889,13435
703-842,대구,서구,평리1동,1044∼1064,13436
703-011,대구,서구,평리1동,,13437
703-703,대구,서구,평리2동 평리롯데캐슬아파트,(101∼117동),13438
703-844,대구,서구,평리2동,1095∼1100,13439
703-845,대구,서구,평리2동,1101∼1119,13440
703-844,대구,서구,평리2동,1120∼1136,13441
703-845,대구,서구,평리2동,1137∼1142,13442
703-844,대구,서구,평리2동,1143∼1162,13443
703-845,대구,서구,평리2동,1163∼1185,13444
703-852,대구,서구,평리2동,1674∼1679,13445
703-012,대구,서구,평리2동,,13446
703-709,대구,서구,평리3동 KT서대구지사,,13447
703-702,대구,서구,평리3동 대구서부경찰서,,13448
703-701,대구,서구,평리3동 서구청,,13449
703-835,대구,서구,평리3동,468∼471,13450
703-835,대구,서구,평리3동,473∼474,13451
703-835,대구,서구,평리3동,476∼529,13452
703-835,대구,서구,평리3동,641∼650,13453
703-835,대구,서구,평리3동,663∼669,13454
703-839,대구,서구,평리3동,670∼678,13455
703-840,대구,서구,평리3동,679∼687,13456
703-835,대구,서구,평리3동,688∼699,13457
703-841,대구,서구,평리3동,700∼706,13458
703-841,대구,서구,평리3동,707,13459
703-839,대구,서구,평리3동,717,13460
703-839,대구,서구,평리3동,718∼723,13461
703-835,대구,서구,평리3동,724∼730,13462
703-835,대구,서구,평리3동,865∼868,13463
703-835,대구,서구,평리3동,870∼878,13464
703-835,대구,서구,평리3동,881,13465
703-835,대구,서구,평리3동,883,13466
703-835,대구,서구,평리3동,890∼1000,13467
703-840,대구,서구,평리3동,1001∼1036,13468
703-843,대구,서구,평리3동,1037∼1043,13469
703-843,대구,서구,평리3동,1065∼1080,13470
703-840,대구,서구,평리3동,1081∼1094,13471
703-840,대구,서구,평리3동,1230∼1301,13472
703-840,대구,서구,평리3동,1617,13473
703-013,대구,서구,평리3동,,13474
703-014,대구,서구,평리4동 서대구우체국,,13475
703-772,대구,서구,평리4동 평리청구타운,,13476
703-771,대구,서구,평리4동 평리푸르지오아파트,(101∼304동),13477
703-846,대구,서구,평리4동,1186∼1195,13478
703-847,대구,서구,평리4동,1196∼1199,13479
703-846,대구,서구,평리4동,1200∼1223,13480
703-847,대구,서구,평리4동,1224∼1229,13481
703-847,대구,서구,평리4동,1302∼1330,13482
703-846,대구,서구,평리4동,1331∼1339,13483
703-847,대구,서구,평리4동,1340∼1361,13484
703-848,대구,서구,평리4동,1362∼1470,13485
703-848,대구,서구,평리4동,산25∼31,13486
703-014,대구,서구,평리4동,,13487
703-721,대구,서구,평리5동 한국폴리텍Ⅵ대학,,13488
703-849,대구,서구,평리5동,1471∼1499,13489
703-850,대구,서구,평리5동,1500∼1542,13490
703-015,대구,서구,평리5동,,13491
703-791,대구,서구,평리6동 평리광명맨션,,13492
703-834,대구,서구,평리6동,1∼467,13493
703-834,대구,서구,평리6동,472,13494
703-834,대구,서구,평리6동,475,13495
703-834,대구,서구,평리6동,530∼610,13496
703-836,대구,서구,평리6동,611∼620,13497
703-837,대구,서구,평리6동,621∼640,13498
703-834,대구,서구,평리6동,산121,13499
703-016,대구,서구,평리6동,,13500
703-010,대구,서구,평리동,,13501
703-600,대구,서구,서대구우체국사서함,,13502
706-796,대구,수성구,가천동 사서함,96,13503
706-110,대구,수성구,가천동,,13504
706-120,대구,수성구,고모동,,13505
706-751,대구,수성구,노변동 노변대백아파트,,13506
706-945,대구,수성구,노변동 수성월드메르디앙아파트,(101∼109동),13507
706-230,대구,수성구,노변동,,13508
706-130,대구,수성구,대흥동,,13509
706-704,대구,수성구,두산동 대구방송,,13510
706-939,대구,수성구,두산동 대우트럼프월드수성아파트,(A∼F동),13511
706-752,대구,수성구,두산동 삼풍아파트,,13512
706-962,대구,수성구,두산동 수성SK리더스뷰아파트,(101∼107동),13513
706-752,대구,수성구,두산동 수성화성파크드림아파트,(101∼104동),13514
706-800,대구,수성구,두산동,1∼138,13515
706-801,대구,수성구,두산동,139∼745,13516
706-802,대구,수성구,두산동,746∼954,13517
706-802,대구,수성구,두산동,산13∼23,13518
706-080,대구,수성구,두산동,,13519
706-707,대구,수성구,만촌1동 대구광역시립수성도서관,,13520
706-735,대구,수성구,만촌1동 대구차량등록사업소,,13521
706-949,대구,수성구,만촌1동 (주)대구파크호텔,,13522
706-754,대구,수성구,만촌1동 럭키골든아파트,,13523
706-747,대구,수성구,만촌1동 만촌보성타운아파트,,13524
706-925,대구,수성구,만촌1동 만촌화성파크스위트,,13525
706-746,대구,수성구,만촌1동 메트로팔레스1단지아파트,(101∼109동),13526
706-952,대구,수성구,만촌1동 메트로팔레스2단지아파트,(201∼210동),13527
706-953,대구,수성구,만촌1동 메트로팔레스3단지아파트,(301∼310동),13528
706-954,대구,수성구,만촌1동 메트로팔레스5단지아파트,(501∼508동),13529
706-755,대구,수성구,만촌1동 우방하이츠,,13530
706-949,대구,수성구,만촌1동 호텔인터불고,,13531
706-803,대구,수성구,만촌1동,1∼413,13532
706-804,대구,수성구,만촌1동,414∼595,13533
706-804,대구,수성구,만촌1동,605∼648,13534
706-805,대구,수성구,만촌1동,649∼678,13535
706-805,대구,수성구,만촌1동,680∼688,13536
706-805,대구,수성구,만촌1동,690∼692,13537
706-803,대구,수성구,만촌1동,1211,13538
706-803,대구,수성구,만촌1동,1221∼1223,13539
706-803,대구,수성구,만촌1동,1284∼1287,13540
706-803,대구,수성구,만촌1동,1325∼1476,13541
706-803,대구,수성구,만촌1동,산1∼79,13542
706-803,대구,수성구,만촌1동,산81∼180,13543
706-803,대구,수성구,만촌1동,산228,13544
706-803,대구,수성구,만촌1동,산260∼264,13545
706-803,대구,수성구,만촌1동,산341,13546
706-803,대구,수성구,만촌1동,산343,13547
706-803,대구,수성구,만촌1동,산420∼466,13548
706-021,대구,수성구,만촌1동,,13549
706-756,대구,수성구,만촌2동 광명타운하우스,,13550
706-757,대구,수성구,만촌2동 군인아파트,,13551
706-758,대구,수성구,만촌2동 태왕리더스아파트,,13552
706-806,대구,수성구,만촌2동,596∼604,13553
706-806,대구,수성구,만촌2동,679,13554
706-806,대구,수성구,만촌2동,689,13555
706-806,대구,수성구,만촌2동,693∼769,13556
706-806,대구,수성구,만촌2동,783∼790,13557
706-806,대구,수성구,만촌2동,793∼799,13558
706-809,대구,수성구,만촌2동,904∼962,13559
706-810,대구,수성구,만촌2동,963∼977,13560
706-806,대구,수성구,만촌2동,978∼1008,13561
706-809,대구,수성구,만촌2동,1009∼1024,13562
706-809,대구,수성구,만촌2동,1026∼1033,13563
706-809,대구,수성구,만촌2동,1035∼1038,13564
706-809,대구,수성구,만촌2동,1041∼1045,13565
706-809,대구,수성구,만촌2동,1063∼1064,13566
706-806,대구,수성구,만촌2동,산181∼213,13567
706-806,대구,수성구,만촌2동,산269∼275,13568
706-806,대구,수성구,만촌2동,산280∼283,13569
706-806,대구,수성구,만촌2동,산290∼306,13570
706-806,대구,수성구,만촌2동,산308∼340,13571
706-806,대구,수성구,만촌2동,산342,13572
706-806,대구,수성구,만촌2동,산344∼355,13573
706-809,대구,수성구,만촌2동,산356,13574
706-806,대구,수성구,만촌2동,산357∼361,13575
706-022,대구,수성구,만촌2동,,13576
706-708,대구,수성구,만촌3동 대륜고등학교,,13577
706-759,대구,수성구,만촌3동 만촌우방1차아파트,,13578
706-759,대구,수성구,만촌3동 만촌우방2차아파트,,13579
706-760,대구,수성구,만촌3동 산장맨션,,13580
706-761,대구,수성구,만촌3동 서한아파트,,13581
706-941,대구,수성구,만촌3동 수성2차e-편한세상아파트,(101∼108동),13582
706-711,대구,수성구,만촌3동 수성대학교,,13583
706-709,대구,수성구,만촌3동 영남공업고등학교,,13584
706-762,대구,수성구,만촌3동 한백기와타운,,13585
706-710,대구,수성구,만촌3동 혜화여자고등학교,,13586
706-807,대구,수성구,만촌3동,770∼782,13587
706-807,대구,수성구,만촌3동,791∼792,13588
706-807,대구,수성구,만촌3동,800∼847,13589
706-808,대구,수성구,만촌3동,848∼859,13590
706-807,대구,수성구,만촌3동,860∼903,13591
706-808,대구,수성구,만촌3동,1025,13592
706-808,대구,수성구,만촌3동,1034,13593
706-808,대구,수성구,만촌3동,1039∼1040,13594
706-808,대구,수성구,만촌3동,1046∼1062,13595
706-808,대구,수성구,만촌3동,1065∼1210,13596
706-808,대구,수성구,만촌3동,1212∼1220,13597
706-808,대구,수성구,만촌3동,1224∼1283,13598
706-808,대구,수성구,만촌3동,1288∼1324,13599
706-808,대구,수성구,만촌3동,산80,13600
706-808,대구,수성구,만촌3동,산214∼227,13601
706-808,대구,수성구,만촌3동,산229∼259,13602
706-808,대구,수성구,만촌3동,산265∼268,13603
706-808,대구,수성구,만촌3동,산276∼279,13604
706-808,대구,수성구,만촌3동,산284∼289,13605
706-808,대구,수성구,만촌3동,산307,13606
706-808,대구,수성구,만촌3동,산362∼419,13607
706-023,대구,수성구,만촌3동,,13608
706-799,대구,수성구,만촌동 사서함,503,13609
706-020,대구,수성구,만촌동,,13610
706-763,대구,수성구,매호동 누리아파트,,13611
706-763,대구,수성구,매호동 동서1차아파트,(101∼106동),13612
706-763,대구,수성구,매호동 동서2차아파트,,13613
706-763,대구,수성구,매호동 두레아파트,,13614
706-763,대구,수성구,매호동 서한2차아파트,,13615
706-916,대구,수성구,매호동 시지우방하이츠,,13616
706-916,대구,수성구,매호동 시지태왕2차아파트,,13617
706-763,대구,수성구,매호동 하나아파트,,13618
706-927,대구,수성구,매호동 한일유앤아이아파트,,13619
706-763,대구,수성구,매호동 협화아파트,,13620
706-929,대구,수성구,매호동 효성백년가약아파트,,13621
706-140,대구,수성구,매호동,,13622
706-723,대구,수성구,범물1동 동아백화점수성점,,13623
706-764,대구,수성구,범물1동 범물1단지아파트,(101∼106동),13624
706-913,대구,수성구,범물1동 범물보성타운아파트,(101∼103동),13625
706-765,대구,수성구,범물1동 범물용지아파트,(201∼403동),13626
706-764,대구,수성구,범물1동 보성맨션,,13627
706-764,대구,수성구,범물1동 영남아파트,,13628
706-765,대구,수성구,범물1동 청구아파트,,13629
706-811,대구,수성구,범물1동,1∼370,13630
706-811,대구,수성구,범물1동,900∼903,13631
706-811,대구,수성구,범물1동,915∼1270,13632
706-813,대구,수성구,범물1동,1271∼1327,13633
706-813,대구,수성구,범물1동,산1∼179,13634
706-813,대구,수성구,범물1동,산181∼184,13635
706-813,대구,수성구,범물1동,산188∼294,13636
706-813,대구,수성구,범물1동,산295-(1),13637
706-101,대구,수성구,범물1동,,13638
706-914,대구,수성구,범물2동 삼주타운,,13639
706-766,대구,수성구,범물2동 서한화성아파트,,13640
706-915,대구,수성구,범물2동 송정타운,,13641
706-766,대구,수성구,범물2동 신화에덴아파트,,13642
706-767,대구,수성구,범물2동 우방미진아파트,,13643
706-766,대구,수성구,범물2동 우방청아아파트,,13644
706-766,대구,수성구,범물2동 창신아파트,,13645
706-766,대구,수성구,범물2동 태성아파트,,13646
706-766,대구,수성구,범물2동 한라아파트,,13647
706-767,대구,수성구,범물2동 현대청림아파트,,13648
706-812,대구,수성구,범물2동,371∼899,13649
706-812,대구,수성구,범물2동,904∼914,13650
706-814,대구,수성구,범물2동,1328∼1354,13651
706-815,대구,수성구,범물2동,1355∼1396,13652
706-815,대구,수성구,범물2동,산180,13653
706-815,대구,수성구,범물2동,산185∼187,13654
706-815,대구,수성구,범물2동,산295-(2)∼362,13655
706-102,대구,수성구,범물2동,,13656
706-100,대구,수성구,범물동,,13657
706-738,대구,수성구,범어1동 궁전아파트,,13658
706-702,대구,수성구,범어1동 대구수성경찰서,,13659
706-943,대구,수성구,범어1동 대구지방노동청,,13660
706-965,대구,수성구,범어1동 범어STXKAN아파트,(101∼105동),13661
706-956,대구,수성구,범어1동 범어쌍용예가아파트,(101∼104동),13662
706-717,대구,수성구,범어1동 범우빌딩,,13663
706-769,대구,수성구,범어1동 보성아파트,,13664
706-718,대구,수성구,범어1동 복림빌딩,,13665
706-742,대구,수성구,범어1동 삼성증권빌딩,,13666
706-719,대구,수성구,범어1동 삼희빌딩,,13667
706-701,대구,수성구,범어1동 수성구청,,13668
706-769,대구,수성구,범어1동 아진아파트,,13669
706-737,대구,수성구,범어1동 우방범어타운,,13670
706-930,대구,수성구,범어1동 유림노르웨이숲아파트,(101∼109동),13671
706-903,대구,수성구,범어1동 청구푸른마을아파트,,13672
706-923,대구,수성구,범어1동 태왕유성하이빌아파트,,13673
706-824,대구,수성구,범어1동,189∼195,13674
706-824,대구,수성구,범어1동,238,13675
706-824,대구,수성구,범어1동,349∼391,13676
706-824,대구,수성구,범어1동,500∼544,13677
706-824,대구,수성구,범어1동,547∼554,13678
706-824,대구,수성구,범어1동,559∼599,13679
706-825,대구,수성구,범어1동,600∼799,13680
706-824,대구,수성구,범어1동,800∼814,13681
706-824,대구,수성구,범어1동,878∼879,13682
706-824,대구,수성구,범어1동,881∼896,13683
706-825,대구,수성구,범어1동,897∼965,13684
706-825,대구,수성구,범어1동,산163∼194,13685
706-825,대구,수성구,범어1동,산201∼208,13686
706-011,대구,수성구,범어1동,,13687
706-724,대구,수성구,범어2동 KT수성지사,,13688
706-715,대구,수성구,범어2동 교원공제빌딩,,13689
706-901,대구,수성구,범어2동 대구고등검찰청,,13690
706-714,대구,수성구,범어2동 대구고등법원,,13691
706-728,대구,수성구,범어2동 대구문화방송국건물,,13692
706-725,대구,수성구,범어2동 대구상조빌딩,,13693
706-902,대구,수성구,범어2동 대구지방검찰청,,13694
706-714,대구,수성구,범어2동 대구지방법원,,13695
706-745,대구,수성구,범어2동 두산위브더제니스아파트,(101∼109동),13696
706-721,대구,수성구,범어2동 범어타워건물,,13697
706-720,대구,수성구,범어2동 성광빌딩,,13698
706-722,대구,수성구,범어2동 킹덤오피스텔,,13699
706-818,대구,수성구,범어2동,45∼59,13700
706-818,대구,수성구,범어2동,128∼136,13701
706-818,대구,수성구,범어2동,141∼146,13702
706-820,대구,수성구,범어2동,147∼188,13703
706-823,대구,수성구,범어2동,221∼237,13704
706-823,대구,수성구,범어2동,250∼254,13705
706-823,대구,수성구,범어2동,337∼340,13706
706-823,대구,수성구,범어2동,392∼429,13707
706-818,대구,수성구,범어2동,430∼469,13708
706-820,대구,수성구,범어2동,산1∼60,13709
706-820,대구,수성구,범어2동,산209∼239,13710
706-820,대구,수성구,범어2동,산250∼259,13711
706-012,대구,수성구,범어2동,,13712
706-726,대구,수성구,범어3동 건설공제조합,,13713
706-947,대구,수성구,범어3동 래미안수성아파트,(101∼105동),13714
706-727,대구,수성구,범어3동 범어빌딩,,13715
706-936,대구,수성구,범어3동 범어태왕아너스,(101∼105동),13716
706-744,대구,수성구,범어3동 법무빌딩,,13717
706-743,대구,수성구,범어3동 삼성화재빌딩,,13718
706-736,대구,수성구,범어3동 요아킴빌딩,,13719
706-946,대구,수성구,범어3동 월드메르디앙웨스턴카운티아파트,(201∼207동),13720
706-958,대구,수성구,범어3동 월드메르디앙이스턴카운티아파트,(101∼103동),13721
706-904,대구,수성구,범어3동 청구성조타운,,13722
706-740,대구,수성구,범어3동 청구핀코아아파트,,13723
706-729,대구,수성구,범어3동 청효정빌딩,,13724
706-816,대구,수성구,범어3동,1∼14,13725
706-817,대구,수성구,범어3동,15∼44,13726
706-816,대구,수성구,범어3동,470∼499,13727
706-817,대구,수성구,범어3동,545∼546,13728
706-817,대구,수성구,범어3동,555∼558,13729
706-817,대구,수성구,범어3동,831,13730
706-817,대구,수성구,범어3동,877,13731
706-817,대구,수성구,범어3동,880,13732
706-826,대구,수성구,범어3동,966∼2233,13733
706-826,대구,수성구,범어3동,산240∼249,13734
706-826,대구,수성구,범어3동,산260∼280,13735
706-013,대구,수성구,범어3동,,13736
706-741,대구,수성구,범어4동 KBS방송국,,13737
706-771,대구,수성구,범어4동 가든하이츠1차아파트,,13738
706-771,대구,수성구,범어4동 가든하이츠3차아파트,,13739
706-771,대구,수성구,범어4동 경남타운,(5∼7동),13740
706-771,대구,수성구,범어4동 두레맨션,,13741
706-772,대구,수성구,범어4동 명문아파트,,13742
706-773,대구,수성구,범어4동 목련아파트,,13743
706-957,대구,수성구,범어4동 범어SKVIEW아파트,(101∼204동),13744
706-905,대구,수성구,범어4동 삼오아파트,,13745
706-772,대구,수성구,범어4동 을지맨션,,13746
706-739,대구,수성구,범어4동 장원아파트,,13747
706-905,대구,수성구,범어4동 청구하이츠,,13748
706-905,대구,수성구,범어4동 청솔맨션,,13749
706-770,대구,수성구,범어4동 평광아파트,,13750
706-819,대구,수성구,범어4동,60∼127,13751
706-822,대구,수성구,범어4동,137∼140,13752
706-821,대구,수성구,범어4동,196∼204,13753
706-822,대구,수성구,범어4동,205∼220,13754
706-822,대구,수성구,범어4동,239∼249,13755
706-822,대구,수성구,범어4동,255∼336,13756
706-822,대구,수성구,범어4동,341∼348,13757
706-822,대구,수성구,범어4동,830∼876,13758
706-822,대구,수성구,범어4동,산61∼104,13759
706-819,대구,수성구,범어4동,산105,13760
706-822,대구,수성구,범어4동,산106∼162,13761
706-822,대구,수성구,범어4동,산195∼200,13762
706-014,대구,수성구,범어4동,,13763
706-010,대구,수성구,범어동,,13764
706-774,대구,수성구,사월동 시지2차사월보성타운,,13765
706-917,대구,수성구,사월동 시지6차태왕리더스,(101∼108동),13766
706-942,대구,수성구,사월동 시지대성유니드아파트,(101∼106동),13767
706-928,대구,수성구,사월동 시지푸르지오아파트,,13768
706-160,대구,수성구,사월동,,13769
706-190,대구,수성구,삼덕동,,13770
706-775,대구,수성구,상동 새중동아파트,,13771
706-950,대구,수성구,상동 수성동일하이빌레이크시티아파트,(101∼116동),13772
706-775,대구,수성구,상동 정화우방팔레스,,13773
706-775,대구,수성구,상동 청구중동아파트,,13774
706-775,대구,수성구,상동 청구타운아파트,,13775
706-827,대구,수성구,상동,1∼70,13776
706-828,대구,수성구,상동,71∼249,13777
706-829,대구,수성구,상동,250∼309,13778
706-828,대구,수성구,상동,310∼350,13779
706-829,대구,수성구,상동,351∼559,13780
706-828,대구,수성구,상동,560∼570,13781
706-829,대구,수성구,상동,571∼667,13782
706-830,대구,수성구,상동,668∼727,13783
706-060,대구,수성구,상동,,13784
706-150,대구,수성구,성동,,13785
706-907,대구,수성구,수성동1가 대백인터빌아파트,,13786
706-797,대구,수성구,수성동1가 삼우1차수성타운,(101∼103동),13787
706-907,대구,수성구,수성동1가 수성태왕하이츠리버뷰,,13788
706-749,대구,수성구,수성동1가 신세계타운,(1∼11동),13789
706-906,대구,수성구,수성동1가 우방오성타운,,13790
706-831,대구,수성구,수성동1가,37∼270,13791
706-832,대구,수성구,수성동1가,271∼620,13792
706-831,대구,수성구,수성동1가,621∼640,13793
706-832,대구,수성구,수성동1가,641∼660,13794
706-831,대구,수성구,수성동1가,661∼680,13795
706-031,대구,수성구,수성동1가,,13796
706-730,대구,수성구,수성동2가 광덕빌딩,,13797
706-922,대구,수성구,수성동2가 교보빌딩,,13798
706-703,대구,수성구,수성동2가 대구광역시교육청,,13799
706-032,대구,수성구,수성동2가 대구수성우체국,,13800
706-712,대구,수성구,수성동2가 대구은행본점건물,,13801
706-032,대구,수성구,수성동2가,,13802
706-948,대구,수성구,수성동3가 수성3가롯데캐슬아파트,(101∼109동),13803
706-961,대구,수성구,수성동3가 수성코오롱하늘채아파트,(101∼107동),13804
706-833,대구,수성구,수성동3가,1∼82,13805
706-834,대구,수성구,수성동3가,83∼104,13806
706-833,대구,수성구,수성동3가,105∼210,13807
706-834,대구,수성구,수성동3가,211∼247,13808
706-833,대구,수성구,수성동3가,248∼350,13809
706-834,대구,수성구,수성동3가,351∼391,13810
706-033,대구,수성구,수성동3가,,13811
706-926,대구,수성구,수성동4가 대림e편한세상아파트,,13812
706-966,대구,수성구,수성동4가 범어삼환나우빌아파트,(101∼102동),13813
706-777,대구,수성구,수성동4가 수성보성타운,,13814
706-777,대구,수성구,수성동4가 수성우방팔레스아파트,,13815
706-776,대구,수성구,수성동4가 수성태영데시앙아파트,(101∼106동),13816
706-777,대구,수성구,수성동4가 수성하이츠,,13817
706-777,대구,수성구,수성동4가 우방사랑마을아파트,,13818
706-777,대구,수성구,수성동4가 화성쌍용타운,,13819
706-835,대구,수성구,수성동4가,974∼1021,13820
706-836,대구,수성구,수성동4가,1022∼1318,13821
706-034,대구,수성구,수성동4가,,13822
706-778,대구,수성구,시지동 경북아파트,,13823
706-778,대구,수성구,시지동 노변다숲아파트,(101∼105동),13824
706-779,대구,수성구,시지동 노변청구아파트,,13825
706-778,대구,수성구,시지동 노변타운,,13826
706-778,대구,수성구,시지동 동서우방아파트,,13827
706-918,대구,수성구,시지동 시지대백맨션,,13828
706-951,대구,수성구,시지동 시지월드메르디앙아파트,(101∼106동),13829
706-944,대구,수성구,시지동 시지태왕아너스아파트,(101∼105동),13830
706-955,대구,수성구,시지동 아이프라임시지아파트,(101∼102동),13831
706-918,대구,수성구,시지동 제림은세계아파트,,13832
706-918,대구,수성구,시지동 제림은탑맨션,,13833
706-779,대구,수성구,시지동 청구전원아파트,,13834
706-220,대구,수성구,시지동,,13835
706-780,대구,수성구,신매동 대백아파트,,13836
706-781,대구,수성구,신매동 동서타운,,13837
706-781,대구,수성구,신매동 두성타운,,13838
706-937,대구,수성구,신매동 사월화성파크드림,(101∼303동),13839
706-782,대구,수성구,신매동 삼주아파트,,13840
706-783,대구,수성구,신매동 시지3차신매보성타운,,13841
706-768,대구,수성구,신매동 시지보성서한타운,,13842
706-940,대구,수성구,신매동 시지태왕하이츠,(101∼104동),13843
706-959,대구,수성구,신매동 시지효성백년가약1단지아파트,(101∼105동),13844
706-960,대구,수성구,신매동 시지효성백년가약2단지아파트,(201∼204동),13845
706-921,대구,수성구,신매동 신화빌라트아파트,,13846
706-780,대구,수성구,신매동 신화아파트,,13847
706-753,대구,수성구,신매동 아이프라임신매아파트,(101∼106동),13848
706-780,대구,수성구,신매동 에덴타운,,13849
706-782,대구,수성구,신매동 우방아파트,,13850
706-780,대구,수성구,신매동 창신아파트,,13851
706-750,대구,수성구,신매동 천마타운아파트,,13852
706-781,대구,수성구,신매동 청솔타운,,13853
706-781,대구,수성구,신매동 태성타운,,13854
706-782,대구,수성구,신매동 한라아파트,,13855
706-938,대구,수성구,신매동 한라하우젠트,(101∼301동),13856
706-782,대구,수성구,신매동 협화아파트,,13857
706-170,대구,수성구,신매동,,13858
706-784,대구,수성구,연호동 오성아파트,,13859
706-200,대구,수성구,연호동,,13860
706-964,대구,수성구,욱수동 보국웰리치아파트,(101∼104동),13861
706-919,대구,수성구,욱수동 시지태왕하이츠레전드,,13862
706-920,대구,수성구,욱수동 태왕월드하이츠아파트,,13863
706-180,대구,수성구,욱수동,,13864
706-785,대구,수성구,이천동 달성아파트,,13865
706-798,대구,수성구,이천동 사서함,134,13866
706-210,대구,수성구,이천동,,13867
706-716,대구,수성구,중동 농협중앙회대구지역본부,,13868
706-713,대구,수성구,중동 대동타워,,13869
706-713,대구,수성구,중동 한국자산공사빌딩,,13870
706-837,대구,수성구,중동,1∼200,13871
706-838,대구,수성구,중동,201∼617,13872
706-050,대구,수성구,중동,,13873
706-786,대구,수성구,지산1동 녹원아파트,,13874
706-731,대구,수성구,지산1동 능인고등학교,,13875
706-731,대구,수성구,지산1동 능인중학교,,13876
706-732,대구,수성구,지산1동 대구보건연구원,,13877
706-705,대구,수성구,지산1동 대구지방경찰청,,13878
706-734,대구,수성구,지산1동 대구지방경찰청기동대,,13879
706-706,대구,수성구,지산1동 대구지방환경청,,13880
706-787,대구,수성구,지산1동 동서무학아파트,,13881
706-788,대구,수성구,지산1동 동서아파트,,13882
706-748,대구,수성구,지산1동 지산5단지아파트,(501∼505동),13883
706-789,대구,수성구,지산1동 지산보성아파트,,13884
706-963,대구,수성구,지산1동 지산서한이다음아파트,(401∼403동),13885
706-748,대구,수성구,지산1동 지산타운아파트,(301∼303동),13886
706-788,대구,수성구,지산1동 청구아파트,,13887
706-789,대구,수성구,지산1동 청산아파트,,13888
706-839,대구,수성구,지산1동,1∼599,13889
706-840,대구,수성구,지산1동,600∼761,13890
706-841,대구,수성구,지산1동,762∼1010,13891
706-842,대구,수성구,지산1동,1011∼1129,13892
706-843,대구,수성구,지산1동,1130∼1159,13893
706-843,대구,수성구,지산1동,1160-(80),13894
706-843,대구,수성구,지산1동,1160-(107),13895
706-839,대구,수성구,지산1동,1258∼1270,13896
706-839,대구,수성구,지산1동,1276∼1297,13897
706-839,대구,수성구,지산1동,산74∼98,13898
706-091,대구,수성구,지산1동,,13899
706-912,대구,수성구,지산2동 목련아파트,,13900
706-792,대구,수성구,지산2동 시영1단지아파트,(101∼112동),13901
706-791,대구,수성구,지산2동 시영2단지아파트,(201∼204동),13902
706-790,대구,수성구,지산2동 에덴아파트,,13903
706-791,대구,수성구,지산2동 영남아파트,,13904
706-791,대구,수성구,지산2동 우방아파트,,13905
706-910,대구,수성구,지산2동 청구호반맨션,,13906
706-791,대구,수성구,지산2동 한라타운,,13907
706-790,대구,수성구,지산2동 현대아파트,,13908
706-790,대구,수성구,지산2동 협화맨션,,13909
706-911,대구,수성구,지산2동 화성맨션,,13910
706-844,대구,수성구,지산2동,1160∼1198,13911
706-845,대구,수성구,지산2동,1199∼1240,13912
706-844,대구,수성구,지산2동,1241∼1257,13913
706-846,대구,수성구,지산2동,1271∼1275,13914
706-844,대구,수성구,지산2동,1723∼1756,13915
706-844,대구,수성구,지산2동,산99∼151,13916
706-092,대구,수성구,지산2동,,13917
706-733,대구,수성구,지산1동 대구광역시교통연수원,,13918
706-090,대구,수성구,지산동,,13919
706-793,대구,수성구,파동 대자연1차아파트,,13920
706-793,대구,수성구,파동 대자연2차아파트,,13921
706-924,대구,수성구,파동 송원맨션,,13922
706-909,대구,수성구,파동 파동청구하이츠,,13923
706-909,대구,수성구,파동 화성파크뷰,,13924
706-847,대구,수성구,파동,1∼29,13925
706-848,대구,수성구,파동,30∼142,13926
706-849,대구,수성구,파동,143∼580,13927
706-847,대구,수성구,파동,581∼693,13928
706-848,대구,수성구,파동,산1∼31,13929
706-849,대구,수성구,파동,산54,13930
706-849,대구,수성구,파동,산65,13931
706-847,대구,수성구,파동,산114∼116,13932
706-070,대구,수성구,파동,,13933
706-794,대구,수성구,황금1동 가든하이츠2차아파트,,13934
706-794,대구,수성구,황금1동 경남타운,(8∼9동),13935
706-795,대구,수성구,황금1동 신천지타운,,13936
706-795,대구,수성구,황금1동 신천지하이츠,,13937
706-795,대구,수성구,황금1동 우방1차아파트,,13938
706-795,대구,수성구,황금1동 우방2차아파트,,13939
706-931,대구,수성구,황금1동 캐슬골드파크1단지,(1101∼1116동),13940
706-932,대구,수성구,황금1동 캐슬골드파크2단지,(1201∼1205동),13941
706-933,대구,수성구,황금1동 캐슬골드파크3단지,(1301∼1310동),13942
706-934,대구,수성구,황금1동 캐슬골드파크4단지,(1401∼1419동),13943
706-935,대구,수성구,황금1동 캐슬골드파크5단지,(1501∼1517동),13944
706-908,대구,수성구,황금1동 태왕아너스아파트,,13945
706-794,대구,수성구,황금1동 황금3주공아파트,(301∼306동),13946
706-850,대구,수성구,황금1동,1∼192,13947
706-851,대구,수성구,황금1동,193∼299,13948
706-850,대구,수성구,황금1동,300∼528,13949
706-850,대구,수성구,황금1동,559∼564,13950
706-850,대구,수성구,황금1동,900,13951
706-850,대구,수성구,황금1동,910∼945,13952
706-850,대구,수성구,황금1동,947∼952,13953
706-850,대구,수성구,황금1동,958∼960,13954
706-850,대구,수성구,황금1동,962,13955
706-850,대구,수성구,황금1동,965∼973,13956
706-851,대구,수성구,황금1동,산1∼118,13957
706-851,대구,수성구,황금1동,산123∼129,13958
706-851,대구,수성구,황금1동,산137∼144,13959
706-851,대구,수성구,황금1동,산146∼148,13960
706-041,대구,수성구,황금1동,,13961
706-852,대구,수성구,황금2동,529∼558,13962
706-852,대구,수성구,황금2동,565∼793,13963
706-853,대구,수성구,황금2동,794∼899,13964
706-853,대구,수성구,황금2동,901∼909,13965
706-853,대구,수성구,황금2동,946,13966
706-853,대구,수성구,황금2동,953∼957,13967
706-853,대구,수성구,황금2동,961,13968
706-853,대구,수성구,황금2동,963∼964,13969
706-853,대구,수성구,황금2동,산119∼122,13970
706-853,대구,수성구,황금2동,산130∼136,13971
706-853,대구,수성구,황금2동,산145,13972
706-853,대구,수성구,황금2동,산149∼152,13973
706-042,대구,수성구,황금2동,,13974
706-040,대구,수성구,황금동,,13975
706-600,대구,수성구,대구수성우체국사서함,,13976
700-081,대구,중구,계산동1가,,13977
700-715,대구,중구,계산동2가 대구매일신문사,,13978
700-082,대구,중구,계산동2가,,13979
700-150,대구,중구,공평동,,13980
700-800,대구,중구,교동,1∼62,13981
700-801,대구,중구,교동,63∼80,13982
700-140,대구,중구,교동,,13983
700-826,대구,중구,남산1동,594,13984
700-826,대구,중구,남산1동,597∼607,13985
700-827,대구,중구,남산1동,611∼612,13986
700-827,대구,중구,남산1동,614,13987
700-802,대구,중구,남산1동,653,13988
700-803,대구,중구,남산1동,658∼660,13989
700-802,대구,중구,남산1동,671∼697,13990
700-803,대구,중구,남산1동,699∼710,13991
700-802,대구,중구,남산1동,711∼780,13992
700-803,대구,중구,남산1동,781∼798,13993
700-826,대구,중구,남산1동,799∼909,13994
700-802,대구,중구,남산1동,910∼924,13995
700-826,대구,중구,남산1동,2000∼2113,13996
700-826,대구,중구,남산1동,2171∼2175,13997
700-441,대구,중구,남산1동,,13998
700-724,대구,중구,남산2동 동양생명,,13999
700-762,대구,중구,남산2동 반월당삼정그린코아아파트,(101∼103동),14000
700-723,대구,중구,남산2동 알리안츠타워,,14001
700-828,대구,중구,남산2동,1∼86,14002
700-828,대구,중구,남산2동,97,14003
700-828,대구,중구,남산2동,101-(1),14004
700-828,대구,중구,남산2동,101-(18),14005
700-829,대구,중구,남산2동,104-(1),14006
700-830,대구,중구,남산2동,108-(1),14007
700-830,대구,중구,남산2동,112∼134,14008
700-831,대구,중구,남산2동,135∼189,14009
700-831,대구,중구,남산2동,191∼204,14010
700-831,대구,중구,남산2동,228∼229,14011
700-831,대구,중구,남산2동,233∼503,14012
700-832,대구,중구,남산2동,504∼570,14013
700-831,대구,중구,남산2동,571∼577,14014
700-831,대구,중구,남산2동,579∼580,14015
700-831,대구,중구,남산2동,586,14016
700-832,대구,중구,남산2동,615,14017
700-831,대구,중구,남산2동,617∼619,14018
700-832,대구,중구,남산2동,620∼652,14019
700-831,대구,중구,남산2동,654∼657,14020
700-831,대구,중구,남산2동,661∼664,14021
700-832,대구,중구,남산2동,666∼670,14022
700-832,대구,중구,남산2동,698,14023
700-832,대구,중구,남산2동,925∼948,14024
700-442,대구,중구,남산2동,,14025
700-726,대구,중구,남산3동 대구가톨릭대학교신학대학,,14026
700-752,대구,중구,남산3동 송림아파트,,14027
700-833,대구,중구,남산3동,109∼111,14028
700-834,대구,중구,남산3동,190-(1),14029
700-834,대구,중구,남산3동,190-(60),14030
700-834,대구,중구,남산3동,205∼215,14031
700-835,대구,중구,남산3동,216∼217,14032
700-834,대구,중구,남산3동,218∼227,14033
700-834,대구,중구,남산3동,230∼232,14034
700-834,대구,중구,남산3동,578-(3∼24),14035
700-834,대구,중구,남산3동,581-(3∼4),14036
700-834,대구,중구,남산3동,581-(27),14037
700-835,대구,중구,남산3동,582∼585,14038
700-835,대구,중구,남산3동,587∼593,14039
700-835,대구,중구,남산3동,595∼596,14040
700-835,대구,중구,남산3동,608∼610,14041
700-835,대구,중구,남산3동,613-(16),14042
700-835,대구,중구,남산3동,613-(30∼31),14043
700-835,대구,중구,남산3동,613-(33∼33),14044
700-834,대구,중구,남산3동,616-(37∼38),14045
700-834,대구,중구,남산3동,616-(51∼51),14046
700-834,대구,중구,남산3동,616-(53∼53),14047
700-804,대구,중구,남산3동,2114∼2120,14048
700-805,대구,중구,남산3동,2121∼2170,14049
700-835,대구,중구,남산3동,2176∼2189,14050
700-805,대구,중구,남산3동,2190∼2265,14051
700-805,대구,중구,남산3동,2273∼2384,14052
700-805,대구,중구,남산3동,2386∼2407,14053
700-805,대구,중구,남산3동,2409∼2458,14054
700-805,대구,중구,남산3동,2490∼2500,14055
700-443,대구,중구,남산3동,,14056
700-753,대구,중구,남산4동 까치아파트,,14057
700-749,대구,중구,남산4동 남산그린타운,(101∼108동),14058
700-757,대구,중구,남산4동 남산휴먼시아1단지아파트,(101∼105동),14059
700-758,대구,중구,남산4동 남산휴먼시아2단지아파트,(201∼206동),14060
700-725,대구,중구,남산4동 대구도시가스,,14061
700-751,대구,중구,남산4동 보성황실타운,,14062
700-806,대구,중구,남산4동,87∼96,14063
700-806,대구,중구,남산4동,98∼100,14064
700-806,대구,중구,남산4동,101-(3∼17),14065
700-806,대구,중구,남산4동,102∼103,14066
700-806,대구,중구,남산4동,104-(3∼33),14067
700-806,대구,중구,남산4동,105∼107,14068
700-836,대구,중구,남산4동,2266∼2272,14069
700-836,대구,중구,남산4동,2385,14070
700-836,대구,중구,남산4동,2408,14071
700-837,대구,중구,남산4동,2459∼2489,14072
700-807,대구,중구,남산4동,2501∼2660,14073
700-808,대구,중구,남산4동,2661∼2999,14074
700-444,대구,중구,남산4동,,14075
700-440,대구,중구,남산동,,14076
700-230,대구,중구,남성로,,14077
700-729,대구,중구,남일동 국민은행대구지점,,14078
700-727,대구,중구,남일동 미도빌딩,,14079
700-728,대구,중구,남일동 현대빌딩,,14080
700-060,대구,중구,남일동,,14081
700-840,대구,중구,달성동,1∼10,14082
700-841,대구,중구,달성동,11∼109,14083
700-840,대구,중구,달성동,110∼146,14084
700-841,대구,중구,달성동,147∼280,14085
700-380,대구,중구,달성동,,14086
700-718,대구,중구,대봉1동 대백프라자,,14087
700-730,대구,중구,대봉1동 대봉도서관,,14088
700-755,대구,중구,대봉1동 센트로팰리스아파트,(101∼108동),14089
700-761,대구,중구,대봉1동 청운맨션,,14090
700-809,대구,중구,대봉1동,1∼43,14091
700-810,대구,중구,대봉1동,44∼46,14092
700-809,대구,중구,대봉1동,47∼48,14093
700-810,대구,중구,대봉1동,49∼87,14094
700-810,대구,중구,대봉1동,94-(12),14095
700-810,대구,중구,대봉1동,94-(17),14096
700-809,대구,중구,대봉1동,101∼121,14097
700-811,대구,중구,대봉1동,122∼130,14098
700-811,대구,중구,대봉1동,131-(1),14099
700-811,대구,중구,대봉1동,131-(11),14100
700-811,대구,중구,대봉1동,131-(20∼24),14101
700-811,대구,중구,대봉1동,132-(1∼9),14102
700-811,대구,중구,대봉1동,132-(13∼25),14103
700-811,대구,중구,대봉1동,133-(1),14104
700-811,대구,중구,대봉1동,134∼135,14105
700-811,대구,중구,대봉1동,136-(1),14106
700-811,대구,중구,대봉1동,136-(10∼11),14107
700-811,대구,중구,대봉1동,137,14108
700-811,대구,중구,대봉1동,139-(2),14109
700-811,대구,중구,대봉1동,139-(8),14110
700-811,대구,중구,대봉1동,178-(5∼7),14111
700-811,대구,중구,대봉1동,178-(26),14112
700-811,대구,중구,대봉1동,179∼214,14113
700-810,대구,중구,대봉1동,662∼663,14114
700-810,대구,중구,대봉1동,665,14115
700-810,대구,중구,대봉1동,715∼716,14116
700-431,대구,중구,대봉1동,,14117
700-763,대구,중구,대봉2동 대봉화성파크드림아파트,(101∼103동),14118
700-812,대구,중구,대봉2동,88∼93,14119
700-812,대구,중구,대봉2동,94-(2),14120
700-812,대구,중구,대봉2동,94-(4∼11),14121
700-812,대구,중구,대봉2동,94-(13∼16),14122
700-812,대구,중구,대봉2동,95∼100,14123
700-812,대구,중구,대봉2동,131-(2∼9),14124
700-812,대구,중구,대봉2동,131-(12∼19),14125
700-812,대구,중구,대봉2동,132-(11∼12),14126
700-812,대구,중구,대봉2동,133-(2∼14),14127
700-812,대구,중구,대봉2동,136-(2∼7),14128
700-812,대구,중구,대봉2동,136-(12∼13),14129
700-812,대구,중구,대봉2동,138,14130
700-812,대구,중구,대봉2동,139-(1),14131
700-812,대구,중구,대봉2동,139-(5∼7),14132
700-812,대구,중구,대봉2동,139-(9∼11),14133
700-812,대구,중구,대봉2동,140∼151,14134
700-812,대구,중구,대봉2동,153∼177,14135
700-812,대구,중구,대봉2동,178-(1),14136
700-812,대구,중구,대봉2동,178-(11∼25),14137
700-813,대구,중구,대봉2동,215∼661,14138
700-813,대구,중구,대봉2동,664,14139
700-813,대구,중구,대봉2동,666∼714,14140
700-813,대구,중구,대봉2동,717∼750,14141
700-432,대구,중구,대봉2동,,14142
700-430,대구,중구,대봉동,,14143
700-720,대구,중구,대신동 계성빌딩,,14144
700-750,대구,중구,대신동 서문시장,,14145
700-756,대구,중구,대신동 태왕아너스스카이아파트,(101∼106동),14146
700-814,대구,중구,대신동,1∼114,14147
700-815,대구,중구,대신동,116∼240,14148
700-816,대구,중구,대신동,241∼271,14149
700-817,대구,중구,대신동,272∼288,14150
700-816,대구,중구,대신동,289∼292,14151
700-817,대구,중구,대신동,293∼304,14152
700-818,대구,중구,대신동,305∼999,14153
700-819,대구,중구,대신동,1000∼2103,14154
700-320,대구,중구,대신동,,14155
700-280,대구,중구,대안동,,14156
700-717,대구,중구,덕산동 동아쇼핑센터건물,,14157
700-742,대구,중구,덕산동 삼성생명빌딩,,14158
700-070,대구,중구,덕산동,,14159
700-360,대구,중구,도원동,,14160
700-711,대구,중구,동문동 동아백화점,,14161
700-180,대구,중구,동문동,,14162
700-712,대구,중구,동산동 계명대학교동산의료원,,14163
700-738,대구,중구,동산동 베네시움,,14164
700-713,대구,중구,동산동 섬유회관,,14165
700-820,대구,중구,동산동,1∼57,14166
700-821,대구,중구,동산동,58∼868,14167
700-310,대구,중구,동산동,,14168
700-091,대구,중구,동성로1가,,14169
700-731,대구,중구,동성로2가 교보생명,,14170
700-716,대구,중구,동성로2가 대구백화점건물,,14171
700-736,대구,중구,동성로2가 엑슨밀라노,,14172
700-092,대구,중구,동성로2가,,14173
700-093,대구,중구,동성로3가,,14174
700-754,대구,중구,동인동1가 78태평아파트,,14175
700-714,대구,중구,동인동1가 대구광역시청,,14176
700-743,대구,중구,동인동1가 동화빌딩,,14177
700-421,대구,중구,동인동1가,,14178
700-703,대구,중구,동인동2가 드림상호저축은행,,14179
700-701,대구,중구,동인동2가 중구청,,14180
700-744,대구,중구,동인동2가 한화생명빌딩,,14181
700-732,대구,중구,동인동2가 호수빌딩,,14182
700-842,대구,중구,동인동2가,1∼10,14183
700-842,대구,중구,동인동2가,12∼220,14184
700-843,대구,중구,동인동2가,221∼251,14185
700-422,대구,중구,동인동2가,,14186
700-844,대구,중구,동인동3가,1∼210,14187
700-845,대구,중구,동인동3가,211∼404,14188
700-423,대구,중구,동인동3가,,14189
700-846,대구,중구,동인동4가,1∼148,14190
700-847,대구,중구,동인동4가,149∼333,14191
700-848,대구,중구,동인동4가,334∼380,14192
700-847,대구,중구,동인동4가,381∼444,14193
700-849,대구,중구,동인동4가,445∼474,14194
700-847,대구,중구,동인동4가,475∼541,14195
700-424,대구,중구,동인동4가,,14196
700-050,대구,중구,동일동,,14197
700-733,대구,중구,문화동 대구시티센터,,14198
700-160,대구,중구,문화동,,14199
700-710,대구,중구,봉산동 삼희빌딩,,14200
700-747,대구,중구,봉산동 신한은행빌딩,,14201
700-822,대구,중구,봉산동,1∼34,14202
700-823,대구,중구,봉산동,35∼149,14203
700-822,대구,중구,봉산동,150∼153,14204
700-823,대구,중구,봉산동,154∼309,14205
700-400,대구,중구,봉산동,,14206
700-340,대구,중구,북내동,,14207
700-745,대구,중구,북성로1가 대우빌딩,,14208
700-824,대구,중구,북성로1가,1∼82,14209
700-825,대구,중구,북성로1가,83∼100,14210
700-351,대구,중구,북성로1가,,14211
700-352,대구,중구,북성로2가,,14212
700-040,대구,중구,사일동,,14213
700-739,대구,중구,삼덕동1가 갤러리죤,,14214
700-411,대구,중구,삼덕동1가,,14215
700-741,대구,중구,삼덕동2가 SK브로드밴드,,14216
700-721,대구,중구,삼덕동2가 경북대학교병원,,14217
700-705,대구,중구,삼덕동2가 경북대학교치과병원,,14218
700-706,대구,중구,삼덕동2가 경북대학교치의학전문대학원,,14219
700-740,대구,중구,삼덕동2가 경일빌딩,,14220
700-719,대구,중구,삼덕동2가 진석타워,,14221
700-412,대구,중구,삼덕동2가,,14222
700-413,대구,중구,삼덕동3가,,14223
700-130,대구,중구,상덕동,,14224
700-200,대구,중구,상서동,,14225
700-270,대구,중구,서내동,,14226
700-702,대구,중구,서문로1가 대구중부경찰서,,14227
700-251,대구,중구,서문로1가,,14228
700-252,대구,중구,서문로2가,,14229
700-261,대구,중구,서성로1가,,14230
700-262,대구,중구,서성로2가,,14231
700-330,대구,중구,서야동,,14232
700-734,대구,중구,수동 곽병원,,14233
700-220,대구,중구,수동,,14234
700-850,대구,중구,수창동,1∼124,14235
700-851,대구,중구,수창동,125∼169,14236
700-850,대구,중구,수창동,170∼171,14237
700-370,대구,중구,수창동,,14238
700-290,대구,중구,시장북로,,14239
700-170,대구,중구,완전동,,14240
700-120,대구,중구,용덕동,,14241
700-300,대구,중구,인교동,,14242
700-240,대구,중구,장관동,,14243
700-030,대구,중구,전동,,14244
700-191,대구,중구,종로1가,,14245
700-192,대구,중구,종로2가,,14246
700-748,대구,중구,태평로1가 태평라이프아파트,,14247
700-111,대구,중구,태평로1가,,14248
700-112,대구,중구,태평로2가,,14249
700-113,대구,중구,태평로3가,,14250
700-010,대구,중구,포정동 대구우체국,,14251
700-735,대구,중구,포정동 메리츠화재,,14252
700-722,대구,중구,포정동 하나은행대구지점,,14253
700-010,대구,중구,포정동,,14254
700-746,대구,중구,하서동 삼성생명빌딩,,14255
700-210,대구,중구,하서동,,14256
700-020,대구,중구,향촌동,,14257
700-100,대구,중구,화전동,,14258
700-600,대구,중구,대구우체국사서함,,14259
711-711,대구,달성군,논공읍 대동공업,,14260
711-713,대구,달성군,논공읍 상신브레이크건물,,14261
711-712,대구,달성군,논공읍 한국델파이,,14262
711-790,대구,달성군,논공읍 금포리 달성군청,,14263
711-851,대구,달성군,논공읍 금포리,,14264
711-852,대구,달성군,논공읍 남1리,,14265
711-853,대구,달성군,논공읍 남2리,,14266
711-853,대구,달성군,논공읍 남3리,,14267
711-854,대구,달성군,논공읍 남4리,,14268
711-853,대구,달성군,논공읍 남5리,,14269
711-855,대구,달성군,논공읍 남6리,,14270
711-854,대구,달성군,논공읍 남7리,,14271
711-855,대구,달성군,논공읍 남8리,,14272
711-852,대구,달성군,논공읍 남리,,14273
711-856,대구,달성군,논공읍 노이리,,14274
711-855,대구,달성군,논공읍 본리리,,14275
711-857,대구,달성군,논공읍 북1리,,14276
711-852,대구,달성군,논공읍 북2리,,14277
711-854,대구,달성군,논공읍 북3리,,14278
711-852,대구,달성군,논공읍 북4리,,14279
711-715,대구,달성군,논공읍 북5리 청구아파트,,14280
711-853,대구,달성군,논공읍 북5리,,14281
711-854,대구,달성군,논공읍 북6리,,14282
711-714,대구,달성군,논공읍 북7리 성원아파트,(1∼6동),14283
711-854,대구,달성군,논공읍 북7리,,14284
711-854,대구,달성군,논공읍 북8리,,14285
711-857,대구,달성군,논공읍 북리,,14286
711-856,대구,달성군,논공읍 삼리리,,14287
711-858,대구,달성군,논공읍 상리,,14288
711-858,대구,달성군,논공읍 위천리,,14289
711-858,대구,달성군,논공읍 하리,,14290
711-850,대구,달성군,논공읍,,14291
711-753,대구,달성군,다사읍 강창우방아파트,,14292
711-751,대구,달성군,다사읍 그린빌아파트,,14293
711-752,대구,달성군,다사읍 삼산아파트,,14294
711-754,대구,달성군,다사읍 한서아파트,,14295
711-811,대구,달성군,다사읍 달천리,,14296
711-765,대구,달성군,다사읍 매곡리 강창동서타운,(101∼102동),14297
711-787,대구,달성군,다사읍 매곡리 다사e-편한세상아파트,(101∼105동),14298
711-776,대구,달성군,다사읍 매곡리 다사주공아파트,(101∼205동),14299
711-791,대구,달성군,다사읍 매곡리 대구매곡리한일유앤아이아파트,(101∼107동),14300
711-786,대구,달성군,다사읍 매곡리 대실역동화아이위시아파트,(101∼107동),14301
711-784,대구,달성군,다사읍 매곡리 대실역청아람1단지아파트,(101∼107동),14302
711-785,대구,달성군,다사읍 매곡리 대실역청아람2단지아파트,(201∼212동),14303
711-793,대구,달성군,다사읍 매곡리 죽곡청아람푸르지오1단지아파트,(101∼103동),14304
711-778,대구,달성군,다사읍 매곡리 죽곡하우젠트아너스빌아파트,(101∼106동),14305
711-783,대구,달성군,다사읍 매곡리 죽곡휴먼시아1단지아파트,(101∼107동),14306
711-765,대구,달성군,다사읍 매곡리 태왕드림하이츠,(101∼104동),14307
711-812,대구,달성군,다사읍 매곡리,,14308
711-811,대구,달성군,다사읍 문산리,,14309
711-811,대구,달성군,다사읍 문양리,,14310
711-811,대구,달성군,다사읍 박곡리,,14311
711-811,대구,달성군,다사읍 방천리,,14312
711-811,대구,달성군,다사읍 부곡리,,14313
711-789,대구,달성군,다사읍 서재리 서재1차보성타운,(101∼109동),14314
711-767,대구,달성군,다사읍 서재리 서재2차보성타운,(201∼207동),14315
711-792,대구,달성군,다사읍 서재리 서재우방타운,(101∼103동),14316
711-749,대구,달성군,다사읍 서재리 서재휴먼시아아파트,(101∼108동),14317
711-780,대구,달성군,다사읍 서재리 신성서화성파크드림아파트,(101∼106동),14318
711-750,대구,달성군,다사읍 서재리 와룡건영캐스빌,(101∼109동),14319
711-779,대구,달성군,다사읍 서재리 진흥더블파크,(101∼106동),14320
711-766,대구,달성군,다사읍 서재리 화진금봉타운,(101∼110동),14321
711-813,대구,달성군,다사읍 서재리,,14322
711-814,대구,달성군,다사읍 세천리,,14323
711-811,대구,달성군,다사읍 이천리,,14324
711-788,대구,달성군,다사읍 죽곡리 강창하이츠아파트,(101∼203동),14325
711-768,대구,달성군,다사읍 죽곡리 강창훼밀리타운,(101∼105동),14326
711-782,대구,달성군,다사읍 죽곡리 대실역e편한세상아파트,(101∼106동),14327
711-795,대구,달성군,다사읍 죽곡리 죽곡청아람리슈빌3단지아파트,(301∼308동),14328
711-796,대구,달성군,다사읍 죽곡리 죽곡청아람리슈빌4단지아파트,(401∼404동),14329
711-794,대구,달성군,다사읍 죽곡리 죽곡청아람푸르지오2단지아파트,(201∼207동),14330
711-768,대구,달성군,다사읍 죽곡리 태성그린시티,(101∼104동),14331
711-815,대구,달성군,다사읍 죽곡리,,14332
711-810,대구,달성군,다사읍,,14333
711-777,대구,달성군,화원읍 구라리 대곡역래미안아파트,(101∼111동),14334
711-781,대구,달성군,화원읍 구라리 대곡역신동아파밀리에아파트,(101∼106동),14335
711-769,대구,달성군,화원읍 구라리 청구청룡맨션,,14336
711-755,대구,달성군,화원읍 구라리 청산아파트,,14337
711-756,대구,달성군,화원읍 구라리 청솔아파트,,14338
711-757,대구,달성군,화원읍 구라리 한우아파트,,14339
711-831,대구,달성군,화원읍 구라리,,14340
711-832,대구,달성군,화원읍 명곡1리,,14341
711-833,대구,달성군,화원읍 명곡2리,,14342
711-763,대구,달성군,화원읍 명곡리 미래빌1단지,(101∼111동),14343
711-764,대구,달성군,화원읍 명곡리 미래빌2단지,(201∼208동),14344
711-764,대구,달성군,화원읍 명곡리 미래빌3단지,(301∼308동),14345
711-763,대구,달성군,화원읍 명곡리 미래빌4단지,(401∼411동),14346
711-764,대구,달성군,화원읍 명곡리 미래빌5단지,(501∼507동),14347
711-832,대구,달성군,화원읍 명곡리,,14348
711-770,대구,달성군,화원읍 본리리 대곡역그린빌,(101∼116동),14349
711-770,대구,달성군,화원읍 본리리 본리그린빌2단지,(201∼206동),14350
711-838,대구,달성군,화원읍 본리리,,14351
711-833,대구,달성군,화원읍 설화리,,14352
711-758,대구,달성군,화원읍 성산리 대백아파트,,14353
711-759,대구,달성군,화원읍 성산리 태왕아파트,,14354
711-775,대구,달성군,화원읍 성산리 화원삼주타운,(101∼102동),14355
711-839,대구,달성군,화원읍 성산리,,14356
711-771,대구,달성군,화원읍 천내리 동산아파트,,14357
711-761,대구,달성군,화원읍 천내리 보성아파트,,14358
711-760,대구,달성군,화원읍 천내리 에덴아파트,,14359
711-771,대구,달성군,화원읍 천내리 영남아파트,,14360
711-762,대구,달성군,화원읍 천내리 우방아파트,,14361
711-761,대구,달성군,화원읍 천내리 창신아파트,,14362
711-762,대구,달성군,화원읍 천내리 평광1차아파트,,14363
711-762,대구,달성군,화원읍 천내리 평광2차아파트,,14364
711-761,대구,달성군,화원읍 천내리 한샘아파트,,14365
711-837,대구,달성군,화원읍 천내리,1∼99,14366
711-834,대구,달성군,화원읍 천내리,100∼249,14367
711-835,대구,달성군,화원읍 천내리,250∼449,14368
711-836,대구,달성군,화원읍 천내리,450∼1000,14369
711-830,대구,달성군,화원읍,,14370
711-702,대구,달성군,가창면 용계리 가창중석타운,,14371
711-704,대구,달성군,가창면 용계리 국태모닝포유아파트,(101∼103동),14372
711-703,대구,달성군,가창면 용계리 달성용계주공아파트,(101∼105동),14373
711-701,대구,달성군,가창면 용계리 대한중석사원아파트,,14374
711-861,대구,달성군,가창면 냉천리,,14375
711-862,대구,달성군,가창면 단산리,,14376
711-862,대구,달성군,가창면 대일리,,14377
711-863,대구,달성군,가창면 삼산리,,14378
711-861,대구,달성군,가창면 상원리,,14379
711-864,대구,달성군,가창면 오리,,14380
711-863,대구,달성군,가창면 옥분리,,14381
711-865,대구,달성군,가창면 용계1리,,14382
711-865,대구,달성군,가창면 용계2리,,14383
711-865,대구,달성군,가창면 용계3리,,14384
711-864,대구,달성군,가창면 용계4리,,14385
711-864,대구,달성군,가창면 용계5리,,14386
711-865,대구,달성군,가창면 용계리,,14387
711-863,대구,달성군,가창면 우록리,,14388
711-864,대구,달성군,가창면 정대리,,14389
711-862,대구,달성군,가창면 주리,,14390
711-861,대구,달성군,가창면 행정리,,14391
711-860,대구,달성군,가창면,,14392
711-891,대구,달성군,구지면 가천리,,14393
711-891,대구,달성군,구지면 고봉리,,14394
711-892,대구,달성군,구지면 내리,,14395
711-892,대구,달성군,구지면 대암리,,14396
711-893,대구,달성군,구지면 도동리,,14397
711-892,대구,달성군,구지면 목단리,,14398
711-893,대구,달성군,구지면 수리리,,14399
711-891,대구,달성군,구지면 예현리,,14400
711-893,대구,달성군,구지면 오설리,,14401
711-892,대구,달성군,구지면 유산리,,14402
711-891,대구,달성군,구지면 응암리,,14403
711-893,대구,달성군,구지면 징리,,14404
711-891,대구,달성군,구지면 창1리,,14405
711-893,대구,달성군,구지면 창2리,,14406
711-893,대구,달성군,구지면 창3리,,14407
711-892,대구,달성군,구지면 창4리,,14408
711-891,대구,달성군,구지면 창리,,14409
711-891,대구,달성군,구지면 평촌리,,14410
711-893,대구,달성군,구지면 화산리,,14411
711-890,대구,달성군,구지면,,14412
711-841,대구,달성군,옥포면 간경리,,14413
711-842,대구,달성군,옥포면 강림리,,14414
711-843,대구,달성군,옥포면 교항리,,14415
711-843,대구,달성군,옥포면 기세리,1∼303,14416
711-842,대구,달성군,옥포면 기세리,304∼947,14417
711-844,대구,달성군,옥포면 김흥리,,14418
711-842,대구,달성군,옥포면 반송리,1∼340,14419
711-844,대구,달성군,옥포면 반송리,341∼882,14420
711-845,대구,달성군,옥포면 본리리,,14421
711-841,대구,달성군,옥포면 송촌리,,14422
711-843,대구,달성군,옥포면 신당리,,14423
711-840,대구,달성군,옥포면,,14424
711-881,대구,달성군,유가면 가태리,,14425
711-882,대구,달성군,유가면 금리,,14426
711-882,대구,달성군,유가면 도의리,,14427
711-881,대구,달성군,유가면 본말리,,14428
711-883,대구,달성군,유가면 상리,,14429
711-883,대구,달성군,유가면 쌍계리,,14430
711-883,대구,달성군,유가면 양리,,14431
711-883,대구,달성군,유가면 용봉리,,14432
711-882,대구,달성군,유가면 유곡리,,14433
711-883,대구,달성군,유가면 음리,,14434
711-883,대구,달성군,유가면 초곡리,,14435
711-881,대구,달성군,유가면 한정리,,14436
711-880,대구,달성군,유가면,,14437
711-821,대구,달성군,하빈면 감문리,,14438
711-822,대구,달성군,하빈면 기곡리,,14439
711-822,대구,달성군,하빈면 대평리,,14440
711-823,대구,달성군,하빈면 동곡1리,,14441
711-821,대구,달성군,하빈면 동곡2리,,14442
711-823,대구,달성군,하빈면 동곡리,,14443
711-821,대구,달성군,하빈면 묘리,,14444
711-822,대구,달성군,하빈면 무등리,,14445
711-823,대구,달성군,하빈면 봉촌리,,14446
711-823,대구,달성군,하빈면 하산1리,,14447
711-821,대구,달성군,하빈면 하산2리,,14448
711-823,대구,달성군,하빈면 하산리,,14449
711-822,대구,달성군,하빈면 현내1리,,14450
711-822,대구,달성군,하빈면 현내2리,,14451
711-821,대구,달성군,하빈면 현내3리,,14452
711-822,대구,달성군,하빈면 현내리,,14453
711-820,대구,달성군,하빈면,,14454
711-870,대구,달성군,현풍면 달성우체국,,14455
711-871,대구,달성군,현풍면 대리,,14456
711-872,대구,달성군,현풍면 부리,,14457
711-873,대구,달성군,현풍면 상리,,14458
711-872,대구,달성군,현풍면 성하리,,14459
711-871,대구,달성군,현풍면 신기리,,14460
711-871,대구,달성군,현풍면 오산리,,14461
711-874,대구,달성군,현풍면 원교리,,14462
711-871,대구,달성군,현풍면 자모리,,14463
711-873,대구,달성군,현풍면 중리,,14464
711-871,대구,달성군,현풍면 지리,,14465
711-874,대구,달성군,현풍면 하리,,14466
711-870,대구,달성군,현풍면,,14467
